supermarketId;TimeOfDay;Distance;WeatherCondition;MeansOfTransport;Cost;Target;
1;1703;5104;0;0;42;4,07855;
1;1389;6459;0;1;41;3,60145;
1;1583;570;1;1;54;3,50185;
1;1304;268;3;1;18;4,4854;
1;1678;8404;3;1;49;2,4609;
1;1516;7593;1;2;39;2,60365;
1;1459;2856;3;3;29;3,5356;
1;1916;8926;2;4;50;0,6842;
1;1440;536;3;4;28;4,6505;
1;994;2601;3;4;30;3,6213;
2;1512;3877;1;1;13;3,339825;
2;2062;7809;1;1;33;2,8515;
2;2070;2091;2;1;16;4,1265;
2;1215;9790;2;1;70;2,2379;
2;1807;5563;0;2;33;3,25595;
2;1490;7676;3;3;20;1,2898;
2;1178;4484;1;4;13;3,5139;
2;1859;5876;1;4;79;3,06225;
2;1370;2717;2;4;78;3,5804;
2;1441;3558;2;4;70;3,1786;
3;1942;299;3;0;75;4,458;
3;1286;9818;3;0;23;2,12685;
3;940;349;0;1;45;3,81425;
3;1934;9467;0;2;11;2,1819;
3;1303;1173;2;2;37;4,3666;
3;1316;7222;3;2;13;1,4998;
3;1684;9558;0;3;26;2,15505;
3;1909;9927;0;3;24;2,028;
3;1757;2007;3;3;26;3,9342;
3;1765;2293;1;4;66;4,17895;
4;1604;9898;0;0;155;3,349875;
4;1321;982;1;2;140;4,5785;
4;1097;5998;2;2;131;1,965;
4;1870;2016;3;2;142;3,8562;
4;1176;9480;2;3;85;0,4447;
4;1044;5713;3;3;178;2,0692;
4;2003;8206;3;3;142;0,9741;
4;1961;783;0;4;152;4,64505;
4;1124;640;3;4;155;4,5616;
4;1230;5048;3;4;91;2,4299;
5;1757;3433;0;0;24;4,341325;
5;1874;3747;1;0;50;4,184425;
5;984;9839;2;1;33;2,232;
5;1855;2994;3;1;36;3,7897;
5;1231;5366;1;2;24;3,25675;
5;1027;355;2;2;22;4,7475;
5;1438;1207;2;2;48;4,3515;
5;1324;4188;0;3;60;3,64635;
5;1725;837;1;4;73;4,6593;
5;2057;6606;1;4;41;2,8916;
5;1736;934;2;4;80;4,4548;
6;1668;2137;3;0;78;3,97215;
6;1079;3054;3;0;129;3,72235;
6;1220;4549;2;1;1;3,4948;
6;1920;5277;2;1;115;3,296;
6;1648;9244;0;3;169;2,19485;
6;1560;9757;3;3;48;0,3001;
6;1578;465;2;4;107;4,6383;
6;1206;840;3;4;48;4,5202;
6;2081;2217;3;4;245;3,7199;
6;1068;4289;3;4;185;2,7339;
7;1111;3485;1;0;30;4,215725;
7;1526;8193;1;0;12;2,7386;
7;1192;5944;0;1;72;3,6304;
7;1774;822;1;2;36;4,6721;
7;1240;8100;1;2;39;1,0701;
7;2043;6708;2;2;34;1,7107;
7;934;3740;2;3;61;3,1082;
7;1377;4093;0;4;21;3,68005;
7;1010;9218;0;4;34;2,23205;
7;1006;1735;2;4;65;4,0542;
7;1053;3063;2;4;37;3,4157;
8;1541;7870;0;0;98;3,665925;
8;1795;4692;1;0;150;3,983075;
8;1187;5328;0;1;91;3,6477;
8;1031;7284;3;1;90;2,7211;
8;1554;3055;0;3;82;3,9612;
8;1914;2055;1;3;94;4,2434;
8;2051;328;2;3;119;4,716;
8;1823;3432;1;4;98;3,82385;
8;1132;1705;3;4;120;4,0484;
8;932;8902;3;4;155;0,6488;
9;1781;547;0;0;74;4,7899;
9;1872;7292;2;1;64;2,8428;
9;1027;7730;2;1;79;2,7323;
9;1385;3889;1;2;65;3,68775;
9;1636;7828;2;2;59;1,1985;
9;1556;4524;0;3;39;3,5342;
9;1329;925;1;3;74;4,6219;
9;1970;2937;1;3;64;4,00405;
9;1871;3454;3;3;35;3,2239;
9;2041;3779;2;4;35;3,1032;
9;979;7377;3;4;45;1,4198;
10;1304;6947;0;0;212;3,79865;
10;1795;4795;1;0;149;3,963425;
10;1381;7958;1;0;81;2,7859;
10;1344;8512;1;0;211;2,5867;
10;1318;1673;0;1;249;3,762325;
10;1940;3300;0;1;43;3,7231;
10;1369;385;1;1;186;3,504175;
10;937;6335;0;3;11;3,03255;
10;1499;1684;2;3;241;3,996;
10;1554;8462;1;4;112;0,8561;
11;1850;8425;0;0;38;3,592;
11;1771;6510;1;0;64;3,70335;
11;1344;382;0;1;65;3,811275;
11;1145;7895;0;1;42;3,569275;
11;1044;4367;1;1;16;3,3136;
11;1485;7275;3;1;71;2,73305;
11;2069;3426;1;2;80;3,8314;
11;1860;5131;1;2;19;3,32535;
11;1288;8397;2;2;62;0,931;
11;1639;9386;0;4;22;2,19665;
12;1123;1691;2;0;26;4,2258;
12;1063;2961;3;0;207;3,7281;
12;2096;3357;0;1;177;3,7067;
12;1190;7153;1;1;214;3,583775;
12;1557;1234;1;2;184;4,48455;
12;2024;2819;1;2;195;3,99685;
12;1083;8485;3;2;104;0,841;
12;1704;9344;3;2;200;0,4541;
12;1795;6650;2;3;227;1,655;
12;1269;6615;2;4;178;1,691;
13;1585;8597;1;0;11;2,6224;
13;1074;6603;2;1;32;3,0075;
13;1740;531;3;1;28;4,4176;
13;1336;3918;1;2;31;3,6928;
13;1797;3914;2;2;63;2,975;
13;1406;5821;3;2;66;2,0727;
13;1244;1497;0;3;14;4,4571;
13;1413;2450;3;3;30;3,7027;
13;986;7721;3;3;72;1,2503;
13;1553;3015;1;4;37;3,9849;
14;1695;859;2;0;96;4,43065;
14;1837;4698;3;0;196;3,29625;
14;1091;2858;0;1;222;3,7384;
14;1717;3632;2;1;191;3,69865;
14;1486;2921;1;2;218;3,95015;
14;1870;6016;1;2;19;3,04925;
14;1553;3586;2;2;87;3,1607;
14;1520;6825;0;3;88;2,9015;
14;2042;4501;2;3;140;2,6672;
14;947;6489;3;4;31;1,8153;
15;1066;106;2;0;95;4,6082;
15;1572;4781;2;0;90;3,4053;
15;2006;8257;1;1;136;2,7047;
15;1657;2625;3;1;129;3,8646;
15;1325;6300;1;2;137;2,94785;
15;1044;2815;3;2;136;3,5041;
15;1611;6083;0;3;141;3,0699;
15;1678;7988;1;4;91;1,0978;
15;1271;9850;1;4;144;0,2182;
15;1920;4232;3;4;98;2,8313;
16;1051;8725;0;0;65;3,528325;
16;1514;870;1;0;71;4,66075;
16;1211;5423;1;0;40;3,8923;
16;960;3851;2;0;47;3,6647;
16;1920;9503;3;0;73;2,21115;
16;2096;2471;2;1;59;4,01145;
16;1542;8831;2;2;17;0,7138;
16;1737;5509;1;4;70;3,2158;
16;1891;2252;3;4;69;3,7867;
16;1101;8507;3;4;74;0,85;
17;1175;1610;0;0;53;4,629325;
17;1960;4581;0;0;44;4,160725;
17;1779;1162;3;0;44;4,2579;
17;1469;8554;1;1;54;2,6369;
17;1286;989;3;1;75;4,29575;
17;1464;5625;3;1;56;3,138;
17;1522;6163;1;3;48;3,0036;
17;1043;6509;2;3;79;1,7952;
17;1695;5556;3;3;73;2,2264;
17;1419;8294;3;3;56;0,9709;
18;1969;3799;1;0;115;4,147325;
18;1622;188;1;1;130;3,5225;
18;2051;9634;1;1;130;2,3697;
18;1144;2723;3;1;159;3,83705;
18;1590;8998;1;2;159;0,605;
18;1844;1280;0;3;157;4,4882;
18;1807;9491;0;3;160;2,12955;
18;1564;2386;1;4;146;4,12665;
18;1043;5693;1;4;138;3,1125;
18;1158;8611;3;4;92;0,7647;
20;1120;581;3;0;38;4,39265;
20;1525;2968;1;1;10;3,406625;
20;1141;4290;1;1;11;3,317975;
20;986;9629;0;2;34;2,12255;
20;1307;2318;1;2;31;4,18605;
20;1346;7284;1;2;39;2,69535;
20;1976;280;0;3;3;4,8179;
20;1517;4846;2;3;19;2,5479;
20;997;9415;2;3;141;0,4508;
20;1258;9963;3;3;43;0,2146;
21;2064;5016;1;0;23;3,946725;
21;1475;1456;2;0;18;4,2844;
21;1749;3153;3;1;28;3,74205;
21;1314;5179;1;2;13;3,30815;
21;1479;4891;2;2;43;2,5119;
21;1999;5666;2;2;68;2,1591;
21;1004;6547;2;2;60;1,7877;
21;1382;3093;0;3;54;3,9563;
21;1721;6991;1;4;64;2,78735;
21;1411;2251;3;4;73;3,7817;
22;1371;8455;3;0;95;2,43945;
22;1656;1996;0;1;64;3,756075;
22;1755;9147;2;1;169;2,36215;
22;1142;2764;3;1;22;3,85925;
22;1104;4618;3;1;98;3,35625;
22;1982;9689;3;1;104;2,12655;
22;1827;136;3;2;242;4,7439;
22;2003;8624;3;2;221;0,7159;
22;1386;6830;2;3;188;1,6048;
22;1136;8104;3;3;249;0,9644;
24;1496;3988;0;0;62;4,25565;
24;1917;4267;0;0;24;4,22195;
24;1536;7333;1;0;67;3,571325;
24;1068;8550;2;0;5;2,5382;
24;1803;6144;3;0;171;2,96105;
24;1167;8802;2;2;36;0,722;
24;1899;1059;0;3;171;4,5614;
24;1639;4237;0;4;30;3,6417;
24;1698;7965;0;4;204;2,53975;
24;1794;3356;3;4;241;3,1839;
25;1287;5158;0;1;114;3,653475;
25;1693;5966;3;1;245;2,9943;
25;1855;2351;2;2;62;3,7367;
25;2085;8193;3;2;168;0,9544;
25;1828;4376;0;3;138;3,5533;
25;952;6499;0;3;129;2,97025;
25;934;1758;2;3;177;3,9853;
25;1129;3521;0;4;36;3,84185;
25;1697;2188;2;4;89;3,7968;
25;1864;6919;2;4;149;1,5879;
26;1748;7316;0;0;179;3,751875;
26;1256;3016;1;0;48;4,297725;
26;1664;1111;1;1;145;3,4821;
26;1063;5653;1;1;41;3,281675;
26;1550;8952;3;1;224;2,2768;
26;1864;4381;3;2;66;2,7604;
26;2099;34;3;3;46;4,868;
26;1216;6536;1;4;120;2,88655;
26;1877;4313;2;4;96;2,7765;
26;1773;1385;3;4;152;4,1785;
27;1750;8338;0;0;143;3,586925;
27;1602;6854;1;0;90;3,641875;
27;1852;2837;3;0;197;3,76945;
27;1294;1809;2;2;245;3,9181;
27;1635;6743;2;2;32;1,6942;
27;1145;5576;3;2;109;2,1982;
27;1970;5588;1;3;214;3,12345;
27;1326;1088;3;3;62;4,391;
27;1983;3301;1;4;182;3,8404;
27;2076;420;3;4;149;4,6473;
27;1758;8593;3;4;45;0,8045;
28;1194;398;0;0;52;4,819625;
28;1830;2278;1;0;70;4,409425;
28;1346;1372;3;0;30;4,19675;
28;1658;168;0;1;78;3,833975;
28;2051;1481;0;1;22;3,7866;
28;1746;2703;0;1;35;3,74645;
28;980;1888;3;1;75;4,0617;
28;1316;4879;3;1;78;3,29665;
28;1284;3463;1;3;14;3,8465;
28;2066;4429;2;3;49;2,731;
28;1994;1871;3;3;62;3,9914;
28;1020;8254;0;4;11;2,5104;
28;1556;3729;3;4;22;3,1334;
29;1859;1012;3;0;12;4,3036;
29;1378;3228;1;1;16;3,3894;
29;1245;993;1;2;71;4,5971;
29;2006;7409;1;2;14;2,66865;
29;1972;7573;3;2;16;1,3447;
29;932;7554;0;3;54;2,70365;
29;1618;4313;1;3;74;3,55435;
29;1239;9589;3;3;70;0,3887;
29;2075;6530;1;4;57;2,91535;
29;1723;4855;2;4;66;2,5293;
30;2056;9043;2;0;32;2,4134;
30;1731;9572;3;0;132;2,16545;
30;1720;1033;0;2;248;4,54115;
30;1142;3838;0;2;180;3,7052;
30;2054;9781;0;2;195;2,0212;
30;1894;4134;3;2;200;2,8187;
30;1751;4545;3;2;106;2,6646;
30;1406;514;3;3;226;4,5797;
30;1887;685;2;4;159;4,5408;
30;1737;4647;2;4;155;2,5835;
30;978;9793;2;4;207;0,2171;
31;1482;6772;2;0;68;2,9533;
31;1158;164;0;2;1;4,8508;
31;989;1101;1;2;224;4,5151;
31;1855;8015;1;2;206;1,0257;
31;2054;4348;0;3;23;3,6089;
31;1317;4966;0;3;37;3,4052;
31;2002;6059;2;3;82;1,9542;
31;1775;579;1;4;100;4,7123;
31;1993;5603;2;4;96;2,1867;
31;1244;8498;2;4;200;0,7709;
32;2059;4857;1;0;21;3,976425;
32;1689;5319;2;1;34;3,30395;
32;1501;3071;3;1;53;3,7614;
32;1570;7523;0;2;44;2,7354;
32;1511;9356;3;2;15;0,5055;
32;955;5826;1;3;78;3,0873;
32;983;2641;3;3;34;3,6163;
32;994;302;1;4;15;4,8122;
32;2098;6031;2;4;20;2,0013;
32;2043;2485;3;4;11;3,689;
33;2023;8217;2;0;79;2,598;
33;1620;4535;1;1;53;3,3091;
33;1385;5913;1;1;195;3,251325;
33;1067;6204;1;1;36;3,2398;
33;1009;710;1;2;34;4,69815;
33;1191;4504;3;2;45;2,702;
33;1392;7686;0;3;37;2,66655;
33;1212;3312;1;4;39;3,8728;
33;1134;8521;1;4;65;0,8424;
33;1752;4294;3;4;28;2,837;
34;1146;5761;1;1;96;3,2629;
34;1404;6623;0;2;194;2,9218;
34;1350;8945;0;2;32;2,31005;
34;1938;498;2;2;50;4,6649;
34;1550;5763;2;2;27;2,1215;
34;1683;7967;2;2;183;1,0683;
34;1736;8984;3;2;90;0,6449;
34;1686;4756;0;3;48;3,4654;
34;1913;5644;1;3;49;3,1781;
34;1170;6172;0;4;104;3,05225;
34;1483;2524;3;4;18;3,6638;
35;1528;7031;0;0;175;3,787875;
35;1205;3906;3;0;247;3,48495;
35;2067;5138;1;1;16;3,2997;
35;1421;4913;3;1;35;3,29705;
35;1343;8466;3;1;165;2,39345;
35;1933;4338;0;2;176;3,55005;
35;1636;8916;1;2;247;0,6004;
35;1281;1405;1;3;19;4,47995;
35;1914;5382;2;3;208;2,2486;
35;1851;2632;3;3;64;3,6087;
36;934;789;2;0;65;4,4524;
36;2024;7797;2;0;63;2,70855;
36;1986;6886;1;1;33;3,2034;
36;1863;3743;0;2;27;3,80015;
36;1726;9221;0;2;57;2,2257;
36;1134;1832;1;3;28;4,34825;
36;1085;6976;2;3;69;1,598;
36;2045;6907;0;4;161;2,8651;
36;2014;481;1;4;73;4,7461;
36;1330;1671;3;4;40;4,1025;
37;1468;2926;0;0;30;4,431825;
37;1411;1326;1;0;68;4,57615;
37;1345;6555;1;0;49;3,69905;
37;2056;7681;1;1;30;3,5297;
37;1193;5889;2;1;55;3,1439;
37;1127;8599;0;2;12;2,3974;
37;1954;1080;1;2;59;4,57435;
37;1598;1474;1;2;56;4,4384;
37;1908;5232;3;3;59;2,3614;
37;1850;8744;3;4;21;0,7427;
38;1891;1324;2;0;111;4,2996;
38;1288;9420;0;1;227;3,548425;
38;1406;2922;1;1;60;3,4054;
38;1758;3382;3;2;250;3,1782;
38;1345;5438;3;2;190;2,23;
38;1695;991;0;3;177;4,57255;
38;1274;2314;1;3;37;4,1839;
38;1984;8078;2;3;157;1,0182;
38;1603;1287;0;4;96;4,5084;
38;1971;1565;2;4;151;4,1011;
39;1251;7757;0;0;63;3,69275;
39;1942;7655;1;0;26;3,528475;
39;1578;9417;1;0;62;2,44215;
39;1641;7099;3;0;17;2,7916;
39;1667;1585;1;1;59;3,4398;
39;1360;4644;2;1;19;3,4725;
39;1489;8766;3;2;48;0,7294;
39;1810;4920;0;4;11;3,42155;
39;1574;6147;0;4;32;3,083;
39;1072;2751;2;4;47;3,5768;
40;1022;8038;0;0;39;3,6478;
40;1096;1344;2;1;20;4,33165;
40;1422;5189;3;1;10;3,24335;
40;1387;4637;1;2;56;3,46345;
40;1976;8851;1;2;54;0,7003;
40;1167;6788;3;2;49;1,6773;
40;1857;9054;3;2;62;0,6168;
40;1271;1254;0;3;47;4,5333;
40;1776;6422;0;3;54;3,0094;
40;1791;9864;0;4;72;2,03465;
40;1258;2876;2;4;76;3,503;
41;1035;1034;1;0;52;4,624925;
41;1681;3171;3;0;71;3,7119;
41;1315;9920;0;2;57;2,01905;
41;1982;7256;1;2;66;2,69915;
41;1007;1464;2;2;44;4,1947;
41;2040;7859;2;2;76;1,1756;
41;1320;1996;3;2;18;3,9513;
41;1594;5897;0;3;26;3,1458;
41;1153;1328;1;3;68;4,49385;
41;936;1502;0;4;68;4,4315;
41;1777;7240;0;4;16;2,80795;
41;1400;5380;1;4;12;3,25405;
42;1089;2339;1;0;65;4,39685;
42;1534;4630;2;0;34;3,46365;
42;2076;1848;3;0;74;4,06015;
42;1657;5151;3;0;41;3,22515;
42;1123;6133;1;1;21;3,241325;
42;1608;7139;0;2;38;2,83125;
42;1956;8825;1;2;49;0,7024;
42;1480;2303;1;3;29;4,19465;
42;1454;3526;2;3;46;3,19;
42;1677;9609;2;3;69;0,3784;
43;1539;59;1;0;155;4,76745;
43;1983;2231;1;0;90;4,415675;
43;2011;7987;3;0;129;2,54325;
43;1188;878;0;1;96;3,7994;
43;1889;8424;2;2;142;0,8644;
43;1231;8594;3;2;108;0,7676;
43;1357;7168;0;3;122;2,79585;
43;1597;7796;2;3;107;1,1928;
43;1329;3562;3;3;104;3,1643;
43;1580;199;2;4;138;4,7675;
44;992;9961;0;0;232;3,34335;
44;1327;8595;1;0;143;2,5833;
44;1660;799;2;0;125;4,4398;
44;1574;9516;2;0;65;2,3083;
44;1939;8896;1;1;149;2,5476;
44;1136;1125;2;1;154;4,35665;
44;1918;6283;0;2;16;3,04235;
44;1193;2283;1;3;209;4,1396;
44;1327;818;2;3;147;4,4852;
45;1816;5677;1;0;121;3,8244;
45;992;567;0;1;100;3,80185;
45;1601;5773;1;1;139;3,2602;
45;1208;4108;2;2;232;2,8183;
45;1712;2774;3;2;205;3,4782;
45;1039;5307;3;2;186;2,287;
45;1774;7316;3;2;108;1,4176;
45;1465;2196;3;3;229;3,731;
45;1491;5493;0;4;238;3,20975;
45;2011;4357;3;4;35;2,7851;
46;1987;1691;0;0;169;4,6002;
46;1230;8646;1;0;83;2,58525;
46;1934;7259;3;0;79;2,73575;
46;1719;7140;2;1;229;2,83425;
46;1911;6774;2;2;30;1,6863;
46;1162;1312;3;2;214;4,1832;
46;1145;3594;0;3;250;3,7687;
46;1958;471;2;3;79;4,6613;
46;1191;2749;2;3;13;3,5886;
46;1901;2777;2;3;60;3,5682;
46;1098;3203;1;4;80;3,89605;
47;1683;1967;2;0;161;4,10535;
47;1137;2422;1;2;186;4,1053;
47;1863;2955;0;3;77;4,0014;
47;1961;4578;0;3;143;3,4855;
47;1084;5411;1;3;80;3,23735;
47;1965;1269;2;4;222;4,2021;
47;1050;4316;2;4;118;2,7647;
48;1067;8475;3;0;19;2,4561;
48;1318;8675;1;1;32;2,60665;
48;1531;4842;3;2;211;2,4549;
48;2094;9149;0;3;31;2,2551;
48;1707;4373;1;3;57;3,53895;
48;1553;7297;1;3;65;2,686;
48;1988;5446;2;3;61;2,2773;
48;1339;1150;1;4;60;4,5561;
48;1053;6855;2;4;72;1,6361;
48;2095;8437;2;4;57;0,916;
49;2090;4583;1;0;29;4,024875;
49;1107;1376;1;1;72;3,463725;
49;1259;8128;2;1;28;2,6375;
49;1812;7657;3;1;36;2,6492;
49;1469;9226;1;2;32;0,5503;
49;1898;2200;3;2;24;3,8295;
49;1838;9957;3;2;29;0,2207;
49;1503;994;1;3;26;4,6145;
49;1199;3624;0;4;25;3,8282;
49;1254;4578;1;4;13;3,4925;
50;1995;929;1;0;138;4,631975;
50;1687;1742;2;0;10;4,21595;
50;1377;9082;2;0;19;2,40485;
50;1576;1968;2;2;66;3,9338;
50;1245;3907;2;2;64;2,9779;
50;2015;4781;3;2;70;2,555;
50;1706;5622;1;3;56;3,18295;
50;1393;3131;3;3;46;3,3664;
50;1459;4393;1;4;67;3,53165;
50;983;7500;3;4;23;1,383;
51;1615;8464;3;0;76;2,4425;
51;1027;1273;1;1;23;3,47565;
51;1092;1323;1;1;46;3,47025;
51;1020;1469;1;1;32;3,451375;
51;1100;8158;1;1;15;2,76075;
51;1709;4522;0;3;48;3,53225;
51;1646;6779;2;3;71;1,6726;
51;1904;5486;3;3;11;2,2827;
51;1962;8485;2;4;74;0,8806;
51;1399;4015;3;4;47;2,9464;
52;1957;8360;0;0;95;3,59505;
52;1772;4061;2;0;131;3,58485;
52;1566;133;0;1;138;3,831275;
52;1793;5741;0;1;125;3,633375;
52;1333;486;1;1;84;3,50595;
52;1775;8465;2;1;47;2,55885;
52;1610;6496;3;1;154;2,8967;
52;1005;8484;2;2;101;0,846;
52;1138;4084;0;4;115;3,65875;
52;1708;1816;3;4;143;3,9756;
53;1510;390;2;0;71;4,53475;
53;1015;3898;2;0;67;3,63625;
53;1912;7188;2;0;24;2,86705;
53;1345;2337;3;1;50;3,94685;
53;1575;4500;0;2;30;3,54375;
53;1251;9309;0;3;24;2,21155;
53;1193;3893;1;3;74;3,6793;
53;1774;273;2;3;20;4,7854;
53;1085;3974;2;3;45;2,9565;
53;1544;2266;3;3;57;3,7838;
53;1894;4377;1;4;36;3,5454;
54;1290;2283;2;0;37;4,05805;
54;1066;1937;0;1;26;3,75715;
54;1791;2071;0;1;51;3,754375;
54;1469;8501;0;1;60;3,55565;
54;1809;7163;1;1;43;3,1947;
54;938;3334;1;3;67;3,86045;
54;1839;5679;1;3;78;3,1451;
54;2034;5733;1;3;28;3,13975;
54;1987;2233;0;4;46;4,2116;
54;1153;2550;0;4;59;4,11405;
55;1943;7496;0;0;24;3,74525;
55;1462;1685;0;1;234;3,766525;
55;1539;710;3;1;50;4,3725;
55;1940;4815;1;2;44;3,4058;
55;1946;7093;2;2;23;1,5572;
55;1441;4089;3;2;24;2,9263;
55;1698;6029;3;2;13;2,0053;
55;1512;8850;0;4;70;2,31915;
55;1894;9018;0;4;25;2,3017;
55;1954;8703;1;4;45;0,7496;
55;1000;2630;2;4;51;3,6138;
56;1619;2887;0;0;12;4,43955;
56;1613;9425;0;0;18;3,448025;
56;1974;6781;1;0;10;3,6656;
56;1728;941;3;0;78;4,3052;
56;1536;95;0;2;48;4,85745;
56;1928;1063;0;2;31;4,5894;
56;1532;5561;0;2;66;3,25165;
56;1656;9900;2;2;61;0,2293;
56;1143;3881;2;3;67;3,0045;
56;977;5438;3;3;34;2,2955;
57;1002;577;1;0;69;4,700875;
57;1067;1877;1;0;67;4,4794;
57;1978;6022;0;1;55;3,622425;
57;1742;1315;0;2;15;4,52095;
57;1180;4257;0;2;75;3,62395;
57;1803;7105;3;2;36;1,5479;
57;1274;6873;1;3;68;2,8069;
57;1169;6043;0;4;39;3,1112;
57;1317;8408;0;4;205;2,39505;
57;1368;4735;1;4;11;3,4464;
58;1793;8299;1;0;209;2,6664;
58;1969;9694;1;0;194;2,33215;
58;1215;8500;2;0;185;2,48495;
58;2096;3910;1;1;243;3,32705;
58;1386;7532;1;2;228;2,57335;
58;1359;8460;1;2;164;0,8163;
58;1278;3479;0;3;248;3,8045;
58;1773;9460;2;3;191;0,3959;
58;2089;3175;3;3;227;3,2572;
58;1376;9825;2;4;192;0,211;
59;1534;7950;0;0;203;3,63515;
59;1388;4417;1;0;113;4,034225;
59;975;1324;1;1;87;3,466875;
59;1940;5993;1;1;112;3,2551;
59;1164;8544;3;1;110;2,3827;
59;1704;3538;1;3;132;3,79945;
59;1556;213;2;3;90;4,7811;
59;1317;321;2;3;156;4,6949;
59;2062;9014;0;4;112;2,2732;
59;1902;8392;1;4;138;0,8978;
60;2019;7905;0;0;140;3,654325;
60;1355;842;1;0;32;4,6705;
60;1253;2839;1;0;13;4,341025;
60;1244;8350;1;0;71;2,685;
60;1541;7541;2;0;62;2,7764;
60;1817;3930;2;1;10;3,6595;
60;1821;3985;3;1;20;3,53665;
60;1722;1922;0;3;26;4,32135;
60;1058;5926;0;3;38;3,13385;
60;939;2142;1;4;18;4,23925;
61;1792;2850;1;0;205;4,2988;
61;1815;3647;1;0;194;4,1693;
61;1685;7005;1;0;92;3,622075;
61;1833;6684;3;0;37;2,87465;
61;2090;8844;2;1;248;2,41925;
61;1390;3804;3;2;60;3,0639;
61;1187;4088;1;3;222;3,58505;
61;2052;5729;3;3;6;2,157;
61;1414;3717;2;4;235;2,9984;
61;1029;9711;3;4;22;0,3429;
62;1772;5334;0;2;66;3,30065;
62;1930;5396;0;2;74;3,29175;
62;1762;6674;0;2;68;2,9394;
62;1456;5665;2;2;62;2,1655;
62;1267;4868;3;2;47;2,53;
62;1046;3582;0;3;77;3,8264;
62;1739;3932;1;3;187;3,63505;
62;2052;2259;0;4;17;4,2127;
62;1617;2287;1;4;73;4,17645;
62;1214;9138;2;4;55;0,5821;
63;1159;6330;3;0;13;2,9555;
63;2045;2000;2;1;23;4,15355;
63;1213;4032;2;1;16;3,6301;
63;1437;5714;3;2;60;2,1337;
63;1056;9044;0;3;58;2,27935;
63;1374;4662;1;3;67;3,4484;
63;2013;987;3;3;60;4,4361;
63;1434;9266;3;3;17;0,539;
63;1656;1844;2;4;29;4,0176;
63;1872;3024;2;4;38;3,4372;
64;1883;8648;0;0;66;3,536675;
64;1259;4606;1;0;55;4,017125;
64;1822;5630;2;0;13;3,23165;
64;1916;2818;0;1;50;3,74475;
64;1611;8726;1;1;24;2,59765;
64;1521;7052;3;1;59;2,79175;
64;1790;1050;0;2;54;4,58705;
64;1225;7603;3;2;76;1,2991;
64;1733;4811;0;3;80;3,43505;
64;1665;830;3;3;39;4,5312;
64;1159;9488;1;4;79;0,4418;
65;1609;86;2;0;144;4,59895;
65;1561;3426;2;1;130;3,75875;
65;1477;3590;0;2;89;3,8168;
65;1978;4935;0;2;157;3,38055;
65;1593;6392;2;2;148;1,8103;
65;1967;308;2;3;145;4,7063;
65;1851;4169;1;4;85;3,6005;
65;2059;6373;1;4;130;2,93425;
65;1762;3764;2;4;158;3,0253;
65;1371;9991;2;4;148;0,1842;
66;1645;1635;2;0;110;4,21845;
66;1222;6191;2;0;159;3,0554;
66;1931;7941;2;0;108;2,65995;
66;1317;8342;2;0;99;2,56505;
66;1667;4555;3;0;139;3,34885;
66;1341;8474;3;1;127;2,40905;
66;1254;2292;0;2;104;4,17765;
66;1639;7002;1;2;158;2,7472;
66;1179;2325;0;3;142;4,1623;
66;1267;9657;2;3;87;0,3343;
67;1767;335;2;0;66;4,55175;
67;1587;1235;3;0;29;4,23925;
67;1516;1938;3;0;67;4,0358;
67;1094;997;3;1;65;4,29845;
67;1605;9763;3;1;29;2,1292;
67;1926;1969;0;2;31;4,30615;
67;1590;9817;0;2;47;2,05945;
67;1296;9180;3;2;50;0,5632;
67;1721;2040;1;3;42;4,2669;
67;1919;2077;1;3;12;4,26495;
68;1454;1724;3;0;20;4,1078;
68;1560;1065;1;1;50;3,4859;
68;1490;493;1;2;16;4,75885;
68;1536;5939;2;2;187;1,9686;
68;2036;7463;2;2;162;1,3209;
68;1781;2276;3;2;158;3,7299;
68;1375;6607;1;3;200;2,84525;
68;2074;8768;2;3;83;0,7117;
68;2057;3836;0;4;74;3,74885;
68;1300;974;2;4;94;4,4182;
69;1475;3786;1;0;107;4,15315;
69;1322;2174;3;0;247;3,9188;
69;1338;2257;1;1;231;3,4119;
69;2021;6911;1;2;244;2,7511;
69;1838;6250;3;2;161;1,8572;
69;1288;6779;0;3;16;2,9265;
69;2078;8413;0;3;59;2,45695;
69;2061;1546;3;3;14;4,1626;
69;1752;3832;0;4;244;3,69025;
69;1278;7943;0;4;180;2,55125;
70;1295;2442;3;0;204;3,85785;
70;1386;8650;1;1;182;2,58275;
70;2085;2445;3;1;102;3,90005;
70;1385;1628;0;2;192;4,36235;
70;1824;7602;0;2;227;2,645;
70;1951;787;1;3;18;4,68475;
70;1564;1526;2;3;44;4,1547;
70;2046;407;0;4;33;4,7764;
70;2057;4038;2;4;29;2,9403;
70;1024;2086;3;4;4;3,8947;
71;1176;4612;0;0;44;4,156575;
71;2052;7680;0;0;58;3,701875;
71;1772;6460;1;1;14;3,2251;
71;1188;3222;1;2;75;3,88975;
71;1234;6290;0;3;29;3,03735;
71;1841;6466;1;3;36;2,9353;
71;1764;926;1;4;35;4,63905;
71;1758;6268;1;4;51;2,9689;
71;1334;3041;2;4;71;3,4076;
71;2070;1942;3;4;52;3,957;
72;2056;1778;0;1;13;3,7756;
72;1910;2001;1;2;68;4,26975;
72;1019;2864;2;2;32;3,5313;
72;1068;5238;2;2;18;2,3753;
72;1861;2325;0;3;39;4,18645;
72;1960;3052;1;3;14;3,9779;
72;1784;2712;0;4;56;4,08045;
72;1454;6700;0;4;78;2,9299;
72;1580;3134;2;4;32;3,3722;
72;1170;1412;3;4;10;4,2493;
73;1063;5655;2;0;150;3,17895;
73;1236;7355;2;1;109;2,8182;
73;1365;277;3;1;216;4,43515;
73;1585;9448;3;1;91;2,20455;
73;1135;1517;0;2;150;4,40535;
73;1467;6281;2;2;145;1,849;
73;1733;4964;2;3;144;2,4385;
73;1002;5153;3;3;160;2,3467;
73;1221;2620;2;4;120;3,5958;
73;1463;7282;3;4;154;1,4136;
74;1042;1889;1;0;196;4,452575;
74;1791;1308;2;0;65;4,32305;
74;1068;4679;2;1;6;3,46355;
74;1347;6359;3;2;149;1,8222;
74;1107;210;0;3;106;4,80735;
74;1162;619;0;3;223;4,66695;
74;2038;9963;3;3;246;0,1813;
74;1535;5411;2;4;147;2,2665;
74;1002;6400;2;4;132;1,8117;
74;1213;2738;3;4;13;3,5947;
75;1699;2158;1;1;222;3,422075;
75;1505;7755;2;1;113;2,71055;
75;2083;9049;2;1;189;2,3815;
75;1953;1918;3;1;97;4,0485;
75;1819;4492;3;1;121;3,3869;
75;967;6472;0;2;163;2,96595;
75;1620;6528;3;2;195;1,7194;
75;1741;8967;3;2;205;0,5957;
75;1105;6092;0;3;59;3,08535;
75;1703;8585;3;3;133;0,7592;
76;1454;3956;2;0;49;3,62495;
76;1475;1757;0;1;176;3,759475;
76;1320;1151;1;1;120;3,478075;
76;2049;9750;3;1;161;2,098;
76;1236;957;1;2;93;4,6043;
76;2047;3998;3;2;50;2,9547;
76;1434;1737;2;3;89;4,0466;
76;2046;5750;2;3;56;2,1099;
76;1038;8423;2;3;235;0,7869;
76;1536;6956;3;4;64;1,6034;
77;2084;2904;2;0;52;3,90575;
77;1595;8574;3;0;56;2,399;
77;1148;1753;0;1;49;3,77045;
77;1350;2018;1;1;25;3,43145;
77;1442;187;2;1;44;4,6126;
77;1619;3840;1;2;48;3,7281;
77;932;1579;3;2;71;4,1358;
77;1060;8212;1;3;21;1,0207;
77;1651;384;2;3;80;4,6974;
77;1211;6992;3;4;11;1,6084;
78;1721;9634;1;0;122;2,36345;
78;1964;3294;3;0;38;3,681;
78;2065;7587;3;1;5;2,6742;
78;997;7671;0;2;98;2,65915;
78;960;7051;3;2;70;1,5551;
78;2083;3186;2;3;141;3,2876;
78;1168;1723;3;3;33;4,0792;
78;1980;2604;0;4;130;4,09175;
78;2098;4257;0;4;76;3,62165;
78;1129;4982;2;4;19;2,4867;
79;1149;7290;0;0;226;3,7463;
79;1764;9453;1;0;204;2,39585;
79;2073;3152;2;1;220;3,79465;
79;1463;9321;3;1;230;2,19845;
79;1249;9701;1;2;202;0,2628;
79;1240;9481;2;2;208;0,3745;
79;1883;2119;3;2;239;3,7652;
79;1838;4603;2;3;220;2,5707;
79;1213;5129;2;3;217;2,3388;
79;1860;2832;1;4;210;3,9871;
79;1552;8179;2;4;179;0,9562;
80;1001;6559;0;0;68;3,8697;
80;1046;5885;1;1;52;3,256425;
80;1771;223;2;1;53;4,60135;
80;1272;883;2;1;61;4,4439;
80;1584;5615;0;2;62;3,2352;
80;990;88;2;2;100;4,8357;
80;2038;868;1;3;53;4,6561;
80;1699;6367;2;3;75;1,8451;
80;1500;8728;1;4;56;0,7409;
80;1437;9876;1;4;70;0,2404;
81;1019;1595;3;0;54;4,13325;
81;1264;7774;3;0;53;2,6245;
81;1066;1451;1;1;70;3,447475;
81;2046;3557;3;1;35;3,6511;
81;1173;6620;3;1;35;2,89465;
81;2077;2203;2;2;29;3,8266;
81;1502;761;3;2;76;4,5472;
81;1240;3290;0;3;65;3,8901;
81;1391;851;2;3;10;4,5333;
81;1212;72;2;4;65;4,8601;
82;1392;5637;0;0;176;3,975325;
82;970;6764;1;0;168;3,64505;
82;1001;8065;1;0;214;2,7219;
82;1137;2364;2;0;243;3,9803;
82;1262;9006;3;0;217;2,27985;
82;1144;1067;2;1;231;4,3479;
82;1155;5297;3;1;193;3,18525;
82;1859;723;2;2;205;4,5085;
82;1993;1480;2;2;179;4,1337;
82;1664;4139;3;2;235;2,8058;
82;1517;5742;3;2;192;2,0473;
82;2071;491;2;3;211;4,5915;
82;1059;1533;1;4;172;4,39345;
82;1609;6092;2;4;226;1,8794;
83;1864;4270;0;0;132;4,196125;
83;1191;2680;2;0;157;3,94125;
83;1421;6499;2;0;151;2,99405;
83;1183;5303;3;0;140;3,17705;
83;1288;6004;0;1;116;3,6159;
83;1490;424;0;2;150;4,7259;
83;1300;691;0;2;101;4,68275;
83;2021;7998;0;2;117;2,55575;
83;1911;6928;3;2;142;1,5851;
83;1472;4948;2;4;110;2,4528;
84;1072;2118;1;0;127;4,42425;
84;1125;7443;3;0;151;2,67925;
84;1605;4054;1;1;97;3,330725;
84;1986;9553;0;2;81;2,13815;
84;1728;1519;1;2;103;4,41725;
84;2085;6991;1;3;90;2,77695;
84;1812;4667;2;3;96;2,6036;
84;1971;6737;3;4;148;1,6525;
84;1440;8622;3;4;123;0,7503;
84;1024;9525;3;4;112;0,4052;
85;2020;7193;1;0;129;3,58405;
85;1394;7370;1;0;143;3,55705;
85;1606;8373;3;0;105;2,46115;
85;1655;3671;1;1;160;3,3531;
85;1415;4012;3;1;159;3,49905;
85;1063;6179;3;1;21;2,9984;
85;1956;4699;1;2;198;3,39475;
85;2022;3934;3;3;179;2,9238;
85;1906;2894;0;4;219;3,9732;
85;1755;9370;1;4;167;0,463;
86;1711;8410;0;1;168;3,552;
86;1477;9095;3;1;94;2,2725;
86;1457;9859;0;2;215;1,99695;
86;1077;5681;3;2;33;2,1738;
86;1716;568;0;3;52;4,71495;
86;1587;6877;2;3;77;1,6254;
86;1919;917;1;4;129;4,607;
86;1548;6569;3;4;83;1,7534;
86;1016;7155;3;4;96;1,4962;
87;1388;160;1;0;96;4,76165;
87;1604;2855;1;0;35;4,3328;
87;1876;2894;2;1;72;3,91435;
87;1877;9107;2;2;249;0,5095;
87;1499;6694;3;2;224;1,6418;
87;1449;7672;3;2;93;1,2617;
87;2091;4327;3;3;145;2,735;
87;2037;5799;1;4;58;3,102;
87;1454;9017;1;4;93;0,621;
87;1011;4680;3;4;212;2,5375;
88;1130;4352;1;0;34;4,06225;
88;1016;1376;2;0;35;4,30585;
88;1227;628;3;0;64;4,3784;
88;1400;2053;3;0;11;4,00995;
88;1385;2216;3;0;28;3,96145;
88;1831;7135;3;0;65;2,7695;
88;1562;3309;0;1;45;3,719975;
88;1709;4286;1;2;45;3,5774;
88;1842;505;3;2;25;4,671;
88;1992;602;2;4;26;4,6191;
89;2090;7428;2;0;36;2,81115;
89;1812;8297;3;0;57;2,48085;
89;1027;294;1;1;79;3,514775;
89;1237;3139;1;1;79;3,39065;
89;2082;3762;2;1;42;3,70975;
89;1682;2944;1;2;79;3,99365;
89;1018;2237;2;2;26;3,8008;
89;1375;1826;1;4;17;4,35425;
89;1656;2020;1;4;16;4,2881;
89;1782;4793;2;4;19;2,5785;
89;2094;418;3;4;69;4,6906;
90;969;4456;2;0;58;3,49635;
90;1121;3110;1;1;41;3,395575;
90;1220;8169;1;1;54;2,74465;
90;1841;2940;3;1;30;3,8066;
90;1474;9517;3;1;10;2,20955;
90;1337;3853;1;2;31;3,7301;
90;2039;9676;2;2;13;0,3731;
90;1243;4413;3;2;40;2,7579;
90;1994;1662;1;3;27;4,3963;
90;1581;8383;2;4;68;0,9339;
91;1544;8559;0;0;126;3,541275;
91;1473;5629;0;1;129;3,63455;
91;1445;8270;1;1;112;2,70595;
91;1310;2366;0;2;116;4,1521;
91;1247;2391;0;2;147;4,13605;
91;1362;8533;2;2;114;0,7962;
91;2093;8987;3;2;142;0,6111;
91;1351;3752;2;3;112;3,0632;
91;1376;7448;3;3;125;1,3597;
91;1084;2006;1;4;155;4,23795;
92;1553;8855;1;1;13;2,57315;
92;1339;5279;2;1;64;3,3095;
92;1484;1281;3;1;35;4,23235;
92;1721;2396;0;2;79;4,15585;
92;985;7937;2;2;69;1,1379;
92;1522;9343;2;2;57;0,5005;
92;1484;3834;0;3;78;3,7467;
92;1509;6647;2;3;73;1,7277;
92;1819;309;3;3;50;4,7572;
92;1855;87;0;4;40;4,86445;
92;1120;898;3;4;78;4,4748;
93;941;7651;1;0;42;3,525;
93;2062;9771;1;0;32;2,34995;
93;2040;6763;1;1;53;3,2169;
93;1499;3933;2;1;49;3,6392;
93;1551;8370;3;1;42;2,46755;
93;1826;1149;0;2;54;4,56665;
93;1123;189;2;2;60;4,8065;
93;1013;37;0;4;23;4,8702;
93;1935;5199;2;4;38;2,3852;
93;1157;9595;2;4;53;0,3984;
94;1387;9043;0;0;190;3,4737;
94;1985;1573;1;0;207;4,51015;
94;1804;3666;1;0;155;4,17565;
94;1774;1899;1;1;200;3,429675;
94;1524;9170;1;1;179;2,4701;
94;1949;9396;1;2;139;0,4662;
94;1654;1779;2;3;190;3,9692;
94;1744;4836;3;3;147;2,4896;
94;1749;7211;3;3;171;1,4288;
94;1323;3033;0;4;118;3,95365;
95;1971;4817;0;0;107;4,1136;
95;945;1903;2;0;233;4,1021;
95;2016;948;0;1;110;3,7975;
95;1758;7332;1;1;25;3,5881;
95;1497;7525;2;1;64;2,7858;
95;1489;8733;2;1;96;2,4662;
95;1091;6060;0;2;71;3,09185;
95;1594;5356;2;2;227;2,2529;
95;1707;3998;3;2;145;2,9067;
95;1052;6572;3;3;174;1,7057;
96;1705;1912;0;0;47;4,58255;
96;1898;7771;0;0;73;3,68675;
96;1843;9529;1;0;30;2,42675;
96;1832;7281;2;0;11;2,8467;
96;1942;1113;3;0;76;4,26115;
96;1030;914;2;1;42;4,4396;
96;1808;2409;2;1;28;4,03915;
96;997;8635;1;2;51;0,7734;
96;1030;9295;3;3;31;0,5242;
96;1018;4807;0;4;40;3,4486;
96;2064;3042;2;4;79;3,403;
96;1078;5619;3;4;74;2,1939;
97;1072;3077;1;0;116;4,2691;
97;1308;8102;1;0;202;2,7174;
97;1452;2104;2;0;64;4,0899;
97;1241;2527;2;0;48;3,9882;
97;1485;8152;0;1;172;3,558725;
97;2081;9488;0;3;20;2,17745;
97;1051;312;1;3;237;4,7467;
97;1802;5429;1;3;105;3,2242;
97;1027;148;1;4;63;4,8478;
97;1853;6134;3;4;164;1,8908;
98;1370;1515;0;1;93;3,779075;
98;1752;8512;0;1;139;3,550275;
98;1911;4009;1;1;87;3,335025;
98;1902;3145;1;2;13;3,93915;
98;1983;9017;1;2;229;0,5564;
98;1956;2628;3;2;31;3,6177;
98;1765;8226;0;3;28;2,51435;
98;1661;3111;2;3;76;3,3592;
98;1894;874;0;4;77;4,6406;
98;1917;2709;0;4;131;4,06755;
99;1887;3282;0;0;146;4,348225;
99;1485;1473;1;0;187;4,5312;
99;1975;2985;1;1;195;3,3919;
99;1049;2511;0;2;70;4,123;
99;1930;798;1;2;46;4,6748;
99;977;3924;1;2;55;3,6732;
99;1601;9277;3;2;39;0,5246;
99;2093;924;0;3;41;4,63255;
99;1295;2871;1;3;108;4,01035;
99;1704;7835;2;3;149;1,1546;
99;1878;4458;3;4;246;2,6281;
100;2040;1420;0;0;10;4,67455;
100;1750;2774;2;0;35;3,94595;
100;1313;4063;3;0;42;3,5012;
100;1303;2164;1;1;69;3,42555;
100;1956;9036;0;2;75;2,2753;
100;1776;7880;0;3;37;2,6184;
100;1811;1059;1;3;24;4,5907;
100;1137;1035;1;3;72;4,58275;
100;1118;502;2;3;11;4,6817;
100;1177;5818;3;4;16;2,0928;
101;1553;3215;1;0;60;4,2528;
101;2001;5963;1;0;44;3,778825;
101;1919;8886;2;0;48;2,4393;
101;1630;3927;0;1;28;3,689675;
101;1835;9576;0;1;78;3,53845;
101;1307;4493;3;1;77;3,39655;
101;2025;3380;0;2;65;3,87295;
101;1538;7276;0;3;36;2,78855;
101;1712;2950;3;3;71;3,4581;
101;2038;4559;2;4;55;2,6776;
102;1097;4630;2;0;45;3,45935;
102;1567;337;0;1;34;3,8186;
102;1960;3666;3;1;40;3,6318;
102;1366;8114;3;1;16;2,53585;
102;1660;3744;0;2;49;3,79185;
102;1211;9708;1;2;25;0,3393;
102;1165;7588;0;3;37;2,69895;
102;1052;8594;3;3;59;0,7919;
102;2057;7388;1;4;32;2,6726;
102;1818;2380;2;4;43;3,7328;
103;1420;4462;0;1;75;3,67545;
103;1713;1714;1;1;21;3,43855;
103;1010;8094;1;1;68;2,7654;
103;1100;1849;2;1;21;4,19775;
103;1687;4148;3;1;32;3,496;
103;1223;5802;3;1;21;3,08295;
103;1122;7877;0;2;63;2,61;
103;1091;4414;1;3;52;3,52505;
103;1695;4705;0;4;55;3,4776;
103;2009;5471;1;4;61;3,22725;
104;1302;4970;0;0;66;4,0907;
104;1875;5147;0;0;37;4,070525;
104;1931;91;3;0;51;4,5127;
104;1347;9708;1;1;11;2,3884;
104;1393;3014;2;1;20;3,89455;
104;1636;9253;0;2;54;2,218;
104;1237;5313;1;2;39;3,26555;
104;1884;6050;0;4;73;3,09795;
104;1608;218;1;4;66;4,82365;
104;2044;806;2;4;42;4,5376;
105;1040;9206;0;0;103;3,460675;
105;1998;892;1;0;193;4,627175;
105;1858;378;2;0;16;4,55425;
105;2043;4109;1;1;186;3,320175;
105;1919;2572;0;3;185;4,08455;
105;1237;8037;0;3;186;2,51885;
105;1308;8896;3;3;172;0,6463;
105;1993;1933;0;4;191;4,25795;
105;1521;2401;1;4;197;4,10885;
105;1318;9890;2;4;223;0,1853;
106;1662;1846;0;1;75;3,76535;
106;1565;9108;3;1;58;2,28235;
106;1960;1968;0;2;79;4,2888;
106;1907;8655;3;2;15;0,7826;
106;965;1955;1;3;34;4,3029;
106;1982;5162;1;4;26;3,31425;
106;1763;6567;1;4;23;2,91175;
106;1126;1662;2;4;56;4,0968;
106;1128;2590;3;4;15;3,6416;
106;2021;5646;3;4;61;2,1828;
107;1945;3228;1;0;57;4,249925;
107;1927;8768;1;1;77;2,5767;
107;1769;6587;3;1;44;2,9033;
107;1614;487;2;2;20;4,6849;
107;1560;2881;0;3;37;4,04175;
107;1376;2891;1;3;38;4,0305;
107;1553;6462;1;3;52;2,931;
107;2097;133;2;3;58;4,835;
107;1033;4564;1;4;54;3,48355;
107;969;3406;3;4;39;3,2444;
108;1122;9838;0;0;56;3,374775;
108;1672;5597;1;0;41;3,862175;
108;1994;8025;1;0;63;2,7703;
108;1266;7478;3;0;62;2,7;
108;1616;6801;3;1;47;2,84895;
108;1243;7655;0;3;14;2,6872;
108;1789;4318;1;3;15;3,5742;
108;1212;489;0;4;43;4,7469;
108;1180;7279;1;4;26;2,70595;
108;988;1694;2;4;22;4,1007;
109;1443;4367;3;0;20;3,4263;
109;993;7547;1;1;10;3,56225;
109;1941;2093;2;1;52;4,11065;
109;1473;180;3;1;44;4,50435;
109;1403;1521;0;2;33;4,4392;
109;2062;5983;0;4;25;3,1288;
109;1663;8314;0;4;33;2,4901;
109;1857;3716;2;4;29;3,1338;
109;2082;7810;2;4;62;1,2032;
109;1264;4660;3;4;15;2,6456;
110;1794;6586;2;0;34;3,00405;
110;1345;7082;2;0;180;2,8561;
110;1758;5651;3;0;42;3,11875;
110;1831;9592;3;0;52;2,19015;
110;1055;6751;0;1;23;3,589775;
110;1569;5707;1;2;41;3,14835;
110;1024;8990;1;2;136;0,6136;
110;1504;677;1;3;183;4,6703;
110;1379;7527;3;3;16;1,3801;
110;1444;8421;0;4;94;2,44175;
111;1134;1845;1;0;80;4,48465;
111;1216;3043;1;0;40;4,29175;
111;1053;3872;1;0;77;4,135425;
111;1085;297;1;1;43;3,517025;
111;1513;2326;1;1;79;3,42;
111;1259;5160;1;2;61;3,30045;
111;986;7676;1;2;27;2,5834;
111;1882;1857;3;2;57;4,0079;
111;1731;3459;2;3;39;3,2149;
111;1835;3527;3;4;55;3,1868;
112;1722;4967;2;0;122;3,35165;
112;1033;5656;3;1;193;3,07635;
112;1241;5904;3;1;142;3,0322;
112;1951;3115;1;2;122;3,91755;
112;1942;4536;2;2;47;2,6909;
112;1858;4267;0;3;82;3,61135;
112;1014;5937;0;3;250;3,07885;
112;1955;9631;1;3;136;0,3185;
112;2041;1345;2;3;32;4,2779;
112;2006;9184;2;4;124;0,5268;
113;1836;45;0;0;139;4,85915;
113;1933;3349;2;0;148;3,7578;
113;1024;5435;2;0;152;3,25045;
113;1382;2262;1;1;90;3,4242;
113;2051;5462;1;1;142;3,290175;
113;1153;6100;0;2;155;3,05545;
113;1726;7290;1;2;152;2,6632;
113;1838;4677;1;3;154;3,41705;
113;1686;7721;3;3;112;1,2305;
113;1450;8828;1;4;119;0,6884;
114;1183;4196;1;0;92;4,08435;
114;1997;7080;1;0;27;3,619775;
114;1808;9767;2;0;48;2,2349;
114;1832;764;3;0;108;4,34325;
114;2042;2448;1;1;21;3,413925;
114;1247;2185;3;2;81;3,8001;
114;1210;4753;0;3;44;3,469;
114;1572;9056;2;3;170;0,5707;
114;1106;4945;0;4;171;3,37375;
114;1314;8475;2;4;201;0,7794;
115;1980;3534;0;0;166;4,31315;
115;1914;7260;1;0;235;3,5608;
115;1451;2471;2;0;113;3,9844;
115;2075;6951;1;1;198;3,20045;
115;1001;8643;2;1;66;2,48435;
115;1588;1724;0;2;143;4,34715;
115;1054;581;2;2;35;4,6242;
115;1129;2033;0;3;76;4,26395;
115;1130;3135;0;3;170;3,91175;
115;2079;1796;2;3;235;3,9367;
115;1221;2927;0;4;86;4,01015;
116;1063;311;1;1;66;3,512825;
116;1708;6510;1;2;60;2,9214;
116;1702;6108;2;2;76;1,9459;
116;1307;9900;2;2;15;0,2514;
116;1639;2071;3;2;68;3,8626;
116;1801;2208;1;3;28;4,21965;
116;1871;5915;2;3;10;2,0498;
116;1491;6110;3;3;30;1,9571;
116;1199;482;2;4;74;4,6591;
116;2010;2030;3;4;26;3,916;
117;1841;903;0;0;141;4,736;
117;1064;2087;0;0;131;4,536475;
117;1882;4928;3;0;12;3,2817;
117;1423;6791;1;1;56;3,211625;
117;1078;2332;2;1;136;4,0323;
117;1298;5492;2;1;153;3,239;
117;1253;2699;2;2;120;3,5729;
117;1160;461;1;3;16;4,76455;
117;1642;9289;2;3;161;0,4927;
117;1560;2862;1;4;88;4,02745;
118;2015;2720;1;0;107;4,34775;
118;1757;6571;1;0;118;3,68165;
118;1745;8494;3;0;87;2,42125;
118;1550;9917;0;1;115;3,52965;
118;1763;2265;2;1;128;4,04985;
118;1684;4918;0;2;96;3,39735;
118;1400;4049;1;3;135;3,6158;
118;1974;7083;2;3;119;1,5149;
118;1616;7949;0;4;128;2,5663;
118;1911;4877;1;4;82;3,37415;
118;1173;3685;3;4;105;3,1198;
119;1105;9500;1;0;94;2,41425;
119;1922;4874;2;1;136;3,38055;
119;1061;6947;3;1;142;2,798;
119;1957;8508;3;1;130;2,38935;
119;1411;9946;2;2;107;0,1956;
119;1079;832;1;3;135;4,63455;
119;2072;4875;0;4;159;3,3907;
119;1674;7202;1;4;120;2,69575;
119;993;405;2;4;89;4,6853;
119;1910;7879;3;4;106;1,1525;
120;1257;7629;0;0;80;3,705825;
120;2051;1587;2;0;99;4,23385;
120;1343;6067;3;0;158;2,98105;
120;1133;8940;1;1;108;2,544;
120;1727;8615;2;2;146;0,7467;
120;1580;6141;3;2;101;1,9158;
120;1788;7195;0;3;139;2,78385;
120;1197;3942;0;4;124;3,69385;
120;1019;4555;2;4;146;2,6299;
120;1005;5475;3;4;159;2,2257;
121;1422;5191;0;0;61;4,059775;
121;1955;5505;0;0;13;4,02835;
121;2023;8167;1;0;13;2,7473;
121;1880;4885;2;0;12;3,39725;
121;1692;160;3;1;79;4,4981;
121;1044;3867;0;2;64;3,7396;
121;1858;5114;2;2;35;2,4267;
121;1871;75;0;3;78;4,8544;
121;1225;1503;3;4;56;4,1633;
121;1750;7675;3;4;45;1,2704;
122;1139;4679;0;1;34;3,66225;
122;1068;637;2;1;41;4,50005;
122;1077;8768;1;2;80;0,7124;
122;1448;2641;3;2;220;3,5518;
122;2065;3251;3;2;20;3,3244;
122;2024;7868;3;2;60;1,1774;
122;1386;5225;2;3;58;2,3625;
122;974;289;0;4;48;4,80345;
122;1604;1043;1;4;15;4,6;
122;1961;3682;2;4;36;3,1407;
123;1656;5416;1;0;161;3,8755;
123;941;5083;1;2;83;3,3183;
123;1379;7228;1;2;136;2,68475;
123;1079;5567;0;3;125;3,2302;
123;1620;1503;1;3;173;4,40525;
123;1108;5319;1;3;65;3,25895;
123;1742;3669;2;3;190;3,0689;
123;1328;7029;3;3;204;1,5034;
123;1760;7661;3;4;241;1,1953;
123;1068;7862;3;4;60;1,1831;
124;1951;5775;0;0;32;3,976575;
124;1977;5905;1;0;34;3,78625;
124;1036;7834;3;1;19;2,61175;
124;1130;28;0;2;14;4,872;
124;1239;8300;0;2;51;2,48615;
124;1490;9110;0;2;35;2,2689;
124;1183;9686;2;3;79;0,3214;
124;1239;564;3;3;65;4,6184;
124;1097;3952;1;4;42;3,6707;
124;1325;689;2;4;61;4,5772;
125;1797;4718;3;0;72;3,32695;
125;1705;3029;0;1;100;3,7337;
125;2064;8378;2;1;19;2,57855;
125;1249;2319;0;2;69;4,1807;
125;2089;3940;0;2;12;3,72755;
125;1671;134;3;2;13;4,8482;
125;1858;3412;3;2;47;3,2383;
125;2006;5716;3;3;70;2,124;
125;1510;3849;1;4;14;3,738;
125;1203;5386;2;4;64;2,3055;
126;1329;6203;2;0;20;3,086;
126;1683;9557;3;0;66;2,1968;
126;2065;7317;3;1;50;2,72465;
126;1655;6297;3;2;62;1,8704;
126;1817;7864;3;2;43;1,1878;
126;1768;390;1;3;57;4,7744;
126;2050;8995;1;3;23;0,6724;
126;1440;9525;1;3;63;0,4301;
126;1852;7790;3;3;51;1,2263;
126;1324;7303;2;4;70;1,4306;
127;1991;5295;1;0;25;3,906725;
127;1731;6564;3;0;48;2,9075;
127;1522;2178;0;1;58;3,748575;
127;984;5570;0;1;20;3,64445;
127;1389;4388;1;1;26;3,31205;
127;1660;8654;1;1;68;2,60355;
127;1817;706;2;1;61;4,4791;
127;1494;8256;1;3;15;1,0063;
127;1872;9766;3;3;34;0,3066;
127;1091;6556;0;4;59;2,9791;
127;1912;71;2;4;54;4,8637;
128;2054;6946;0;0;151;3,808225;
128;1438;5329;1;0;136;3,8906;
128;1686;192;3;0;100;4,47785;
128;1460;5562;3;0;156;3,1083;
128;1849;5534;3;1;116;3,14405;
128;1392;4545;0;2;119;3,50675;
128;1959;4309;1;3;158;3,52305;
128;1404;762;2;3;120;4,5248;
128;1581;2803;3;3;93;3,5288;
128;1370;2389;1;4;106;4,13835;
129;1281;7695;2;1;44;2,745;
129;1077;4238;1;2;65;3,58685;
129;1702;1618;3;2;77;4,1083;
129;971;2926;0;3;80;4,015;
129;1159;5785;0;3;80;3,1619;
129;1754;1755;1;3;41;4,3641;
129;1603;2330;2;3;11;3,7756;
129;1829;99;2;4;64;4,8443;
129;1997;7165;2;4;33;1,5242;
129;1800;2326;3;4;71;3,7424;
130;1799;8512;2;1;89;2,52165;
130;1018;6547;3;1;160;2,88545;
130;1251;9812;0;2;95;2,0459;
130;1662;4921;1;2;117;3,3507;
130;943;2857;2;2;152;3,4664;
130;1827;1067;3;2;102;4,3795;
130;1054;7131;2;3;184;1,4589;
130;1762;4873;1;4;126;3,3659;
130;1577;5202;1;4;98;3,2777;
130;1687;8546;1;4;23;0,859;
131;1261;3680;0;0;97;4,30535;
131;1710;655;3;0;40;4,37695;
131;1578;2550;0;2;65;4,11245;
131;1934;4286;0;2;47;3,6186;
131;1525;401;0;3;24;4,7812;
131;1718;5245;1;3;19;3,2894;
131;1977;2093;3;3;31;3,8741;
131;1261;5669;3;3;52;2,1716;
131;1682;335;2;4;27;4,7568;
131;1573;1835;2;4;54;4,0133;
132;1102;1486;2;0;67;4,26345;
132;1329;6181;2;0;67;3,0744;
132;1592;8803;2;0;25;2,4596;
132;1520;9107;1;1;182;2,4816;
132;1230;7741;2;1;50;2,7371;
132;1729;2147;1;2;192;4,19075;
132;1475;7895;1;3;54;1,1694;
132;1237;2912;2;4;24;3,5116;
132;2041;7969;3;4;153;1,0788;
132;1859;8028;3;4;169;1,0415;
133;1524;7754;1;0;66;2,84585;
133;1056;6496;0;1;54;3,59435;
133;1735;7532;0;1;55;3,5791;
133;1440;9697;0;2;27;2,09695;
133;1581;571;1;2;73;4,72055;
133;1162;1255;1;2;49;4,52405;
133;1371;6246;1;3;29;2,98415;
133;1163;8673;3;3;37;0,76;
133;1443;5652;1;4;66;3,1607;
133;1435;1408;3;4;75;4,2071;
134;946;7608;2;0;127;2,74245;
134;1951;6659;3;1;61;2,879;
134;1374;6613;3;2;118;1,719;
134;1560;1392;1;3;59;4,46605;
135;1365;2799;0;0;164;4,4283;
135;1031;8510;0;0;221;3,5338;
135;956;9638;2;0;152;2,24585;
135;2097;120;0;1;190;3,8214;
135;968;1842;1;1;90;3,4344;
135;1327;3217;3;1;153;3,6955;
135;934;6899;1;2;248;2,7542;
135;996;2833;2;2;150;3,4735;
135;1499;3809;1;3;103;3,7136;
135;1704;1757;3;3;31;4,0639;
136;1991;2773;1;0;135;4,327075;
136;1841;4218;1;0;92;4,076575;
136;1454;6098;3;0;91;2,99075;
136;1340;2778;1;1;72;3,40965;
136;1520;8662;3;1;208;2,3392;
136;1386;3695;3;2;237;3,0185;
136;2082;5501;1;4;212;3,16645;
136;1607;8754;1;4;33;0,7398;
136;2071;7462;2;4;100;1,3712;
136;1147;8585;2;4;113;0,768;
137;1780;1419;2;1;23;4,30595;
137;1549;2665;2;1;21;3,97905;
137;1268;2198;3;2;58;3,8062;
137;2007;3607;3;2;17;3,1797;
137;1597;7571;0;3;66;2,69165;
137;1343;8773;0;3;65;2,333;
137;1103;7009;2;3;41;1,5955;
137;1121;6967;3;3;33;1,612;
137;1270;2223;0;4;13;4,2235;
137;1243;6732;3;4;64;1,6874;
138;1467;9689;0;0;30;3,400175;
138;1157;1386;3;0;36;4,1896;
138;1723;5860;3;2;44;2,0606;
138;1707;3665;2;3;67;3,1346;
138;2029;3481;3;3;44;3,2084;
138;974;8971;3;3;11;0,6796;
138;1799;2134;1;4;51;4,23225;
138;1740;5973;2;4;43;2,0157;
138;1347;5943;3;4;75;2,0143;
138;1262;9527;3;4;29;0,4494;
139;1473;3412;0;0;173;4,325325;
139;1660;2447;1;1;12;3,4174;
139;1325;7793;1;1;12;2,8628;
139;1653;8731;1;1;78;2,58845;
139;1730;2987;2;1;79;3,8852;
139;1359;3146;2;1;23;3,84855;
139;1189;9513;2;2;28;0,457;
139;1301;9516;3;2;91;0,4157;
139;1288;1393;3;3;17;4,2543;
139;2064;4985;3;3;22;2,4824;
140;2073;4952;1;0;93;3,945375;
140;1416;5799;1;0;98;3,799525;
140;1369;9181;1;0;97;2,47495;
140;1011;1111;3;0;120;4,25305;
140;1639;8100;0;1;112;3,562975;
140;1659;871;2;1;123;4,4237;
140;1153;4065;3;1;80;3,50625;
140;1594;6191;2;2;93;1,8965;
140;2056;6929;2;2;113;1,6009;
140;1809;9577;0;4;116;2,1117;
141;1220;5326;0;0;68;4,039625;
141;1170;2043;2;0;75;4,1125;
141;1538;4970;2;0;36;3,3713;
141;996;7195;1;2;56;2,72175;
141;1594;8496;1;2;55;0,8845;
141;1455;6555;3;2;57;1,783;
141;2065;3147;0;3;14;3,95165;
141;1042;4647;0;3;50;3,49515;
141;1587;5954;2;3;13;2,0255;
141;1638;2792;3;4;58;3,555;
142;2019;2271;0;0;66;4,5177;
142;1280;7735;3;0;37;2,63645;
142;2071;5419;2;1;53;3,2832;
142;1463;9770;2;1;47;2,2446;
142;1689;4838;0;2;10;3,44595;
142;1961;5613;3;2;57;2,2082;
142;1742;9766;3;2;28;0,3109;
142;1386;8867;2;3;78;0,6895;
142;1217;3994;0;4;70;3,696;
142;1899;9876;2;4;27;0,2617;
143;1232;6753;1;1;69;3,213225;
143;1419;6397;2;1;46;3,0471;
143;1011;6677;3;1;56;2,87285;
143;992;6726;0;2;36;2,93225;
143;1786;7962;1;3;34;1,1446;
143;1843;238;2;3;61;4,7829;
143;1421;1320;2;3;33;4,2922;
143;1160;1649;3;3;31;4,1211;
143;1638;5554;0;4;27;3,2683;
143;1372;7678;1;4;12;2,59215;
144;1689;3900;1;0;169;4,114075;
144;1413;4668;1;0;160;3,98775;
144;1072;7779;0;2;125;2,62255;
144;1669;1037;2;2;114;4,3878;
144;1830;2687;2;2;149;3,5711;
144;1034;7988;0;3;101;2,5593;
144;1969;9859;0;3;103;2,02355;
144;1141;737;1;3;86;4,681;
144;1404;1438;1;3;104;4,4352;
144;1020;1138;2;3;157;4,3251;
144;1998;3735;2;4;85;3,0935;
145;1080;354;1;0;24;4,73865;
145;1111;9195;3;1;72;2,252;
145;1700;9781;1;2;66;0,2836;
145;1847;1163;1;3;73;4,55215;
145;2083;1918;1;3;16;4,32085;
145;1937;2537;1;3;14;4,1182;
145;1667;6586;1;3;26;2,9046;
145;1786;7769;1;4;74;1,2227;
145;930;5246;2;4;61;2,3499;
145;1255;7993;3;4;12;1,1411;
146;1497;6608;1;0;128;3,67305;
146;1698;6714;0;1;160;3,586075;
146;1274;3793;1;1;95;3,344475;
146;1658;5495;2;1;128;3,25245;
146;1111;3964;2;2;121;2,9342;
146;974;8322;3;2;221;0,8874;
146;1637;5133;0;3;112;3,34115;
146;1905;7055;2;3;85;1,549;
146;1896;6950;3;3;96;1,5959;
146;1345;7093;1;4;144;2,72565;
147;1849;2918;0;0;32;4,43445;
147;1402;7126;0;0;50;3,7958;
147;1520;1798;1;0;76;4,491675;
147;1124;1310;0;1;48;3,790275;
147;2054;1996;2;1;66;4,1366;
147;1965;8543;3;1;21;2,42615;
147;1311;7000;3;2;67;1,5904;
147;1077;8570;0;4;54;2,39145;
147;1357;4242;2;4;55;2,846;
147;2023;8749;2;4;64;0,7301;
148;1195;785;2;1;245;4,4129;
148;1030;2952;1;2;153;3,962;
149;1388;2151;3;0;179;3,94325;
149;1371;1330;0;1;225;3,783775;
149;1730;4571;0;1;175;3,66055;
149;1157;532;2;1;177;4,49095;
149;1308;8295;3;2;223;0,9007;
149;1805;1435;0;3;160;4,4256;
149;2074;2456;0;3;242;4,09835;
149;1024;7397;1;3;190;2,62395;
149;2008;4126;2;3;201;2,8317;
149;1843;2333;2;4;173;3,6836;
149;1855;8925;2;4;168;0,6317;
150;1677;1595;1;0;178;4,51205;
150;1074;3240;0;1;30;3,7286;
150;1131;8048;0;1;5;3,566475;
150;1599;3255;1;1;240;3,3704;
150;1715;1296;3;1;191;4,18215;
150;1075;8354;3;1;239;2,4107;
150;2082;5092;1;2;181;3,28545;
150;2073;292;2;2;190;4,6913;
150;1659;4110;3;2;38;2,9059;
150;1464;6434;1;3;112;2,92575;
151;985;861;0;0;67;4,755025;
151;1127;1303;1;1;12;3,4726;
151;1880;7930;1;2;11;1,1712;
151;950;1780;3;2;25;4,0495;
151;2071;3217;1;3;47;3,9052;
151;1879;9731;1;3;72;0,3008;
151;983;9956;1;3;57;0,2139;
151;1291;7544;3;3;60;1,3361;
151;2083;8259;1;4;56;0,9901;
151;1344;3717;2;4;52;3,1313;
152;1395;1274;0;0;44;4,69165;
152;1317;5515;1;0;29;3,8794;
152;1570;1373;2;0;26;4,3105;
152;1251;3455;2;0;41;3,76105;
152;1182;7246;2;1;43;2,8602;
152;1446;2829;3;2;36;3,5489;
152;1119;2950;0;3;76;4,0057;
152;1333;8418;0;4;76;2,4485;
152;1880;9386;1;4;65;0,492;
152;1310;1923;3;4;41;3,9706;
153;1618;1122;1;0;77;4,611925;
153;1951;873;3;0;153;4,2982;
153;1433;5563;1;2;200;3,13865;
153;2053;8436;1;2;102;0,8931;
153;1923;1412;2;2;19;4,2425;
153;1452;7853;2;2;222;1,1053;
153;1121;8240;2;2;77;0,9887;
153;1460;6792;1;3;112;2,8199;
153;1761;473;3;3;63;4,6663;
153;1424;1284;0;4;165;4,48055;
154;1167;8878;2;0;177;2,41925;
154;1642;1966;3;0;215;3,98015;
154;2017;7882;3;0;206;2,55005;
154;1349;3651;1;1;237;3,343475;
154;2056;6137;1;1;178;3,2292;
154;1913;7096;1;1;178;3,60205;
154;1043;6861;2;1;211;2,91495;
154;1751;1439;0;2;196;4,41825;
154;1343;4290;0;2;201;3,5574;
154;1156;4189;0;3;203;3,59285;
155;1498;5633;1;1;147;3,27565;
155;1730;1321;0;2;125;4,48415;
155;1833;2410;1;2;160;4,1123;
155;1624;7873;1;2;153;1,1261;
155;1418;697;2;2;100;4,5612;
155;1518;9521;2;2;153;0,3827;
155;1318;1569;3;2;115;4,1161;
155;1792;6523;0;3;104;2,9729;
155;1255;5162;2;3;116;2,3661;
155;1358;8382;3;3;184;0,8615;
155;1774;9834;2;4;85;0,2478;
155;2068;2323;3;4;135;3,7224;
156;1808;7532;2;0;239;2,7338;
156;1060;1213;3;0;41;4,2484;
156;1136;4771;1;1;48;3,3022;
156;998;6858;1;1;6;3,2042;
156;1062;2024;1;2;44;4,2719;
156;1621;6063;2;2;145;1,9366;
156;1549;524;3;2;149;4,6062;
156;957;7165;0;3;88;2,81025;
156;1869;3112;2;3;27;3,3878;
156;1394;9742;3;4;45;0,3181;
157;2043;7689;2;0;52;2,7385;
157;1024;3462;0;1;51;3,70895;
157;2015;4429;2;1;33;3,52475;
157;1960;5210;1;2;63;3,2847;
157;1687;8512;2;2;57;0,8579;
157;1115;2231;0;3;79;4,2075;
157;1932;9896;0;3;80;2,02015;
157;1639;1454;3;3;69;4,1857;
157;1897;5762;0;4;29;3,18505;
157;965;7848;1;4;19;1,2069;
158;1144;3995;1;0;89;4,1113;
158;1744;1932;2;0;120;4,1331;
158;1785;5620;2;1;116;3,20855;
158;1311;4816;1;2;111;3,38745;
158;1968;9995;2;2;160;0,1828;
158;1314;9404;3;2;117;0,473;
158;2052;209;1;3;103;4,81525;
158;1283;2955;0;4;117;3,9881;
158;1173;4499;3;4;118;2,6751;
158;1482;5914;3;4;135;2,0038;
159;1668;3658;0;0;127;4,303125;
159;1477;6553;3;0;128;2,8857;
159;1411;3111;1;2;150;3,90825;
159;1953;6773;2;2;84;1,6686;
159;1449;4375;3;2;114;2,7278;
159;2013;5648;0;3;129;3,19185;
159;2025;2002;1;3;162;4,23655;
159;1470;1159;2;3;150;4,3072;
159;1883;5087;2;3;154;2,3817;
159;1521;7560;0;4;49;2,70115;
160;1058;6307;1;0;79;3,726525;
160;1762;1741;3;0;16;4,10065;
160;1485;6070;3;0;19;3,01575;
160;1307;7818;0;1;63;3,572225;
160;1765;2983;3;1;24;3,7985;
160;1365;6511;3;1;57;2,92475;
160;1796;3559;1;2;53;3,8095;
160;1173;9365;3;2;80;0,4962;
160;1078;4382;1;4;42;3,54125;
160;2062;1160;3;4;61;4,3627;
161;1928;5699;1;0;140;3,8115;
161;1662;9444;1;0;159;2,40995;
161;950;9785;1;0;234;2,2984;
161;1992;1208;3;0;51;4,2434;
161;1554;6804;3;0;13;2,8534;
161;1121;9239;3;1;206;2,22455;
161;1120;7536;0;2;93;2,6954;
161;1535;5908;1;2;124;3,04965;
161;1103;7496;1;4;28;2,6452;
161;1502;8970;1;4;117;0,6349;
162;1466;4161;2;0;136;3,5624;
162;1623;7872;2;0;129;2,67525;
162;1571;1222;2;1;104;4,33615;
162;1991;7619;2;1;80;2,75475;
162;1777;270;3;2;120;4,736;
162;2015;1047;1;3;129;4,5643;
162;1248;897;2;3;89;4,4681;
162;1331;7356;0;4;100;2,75855;
162;1726;6997;1;4;99;2,77265;
162;1445;1999;2;4;117;3,8844;
163;1526;205;1;1;218;3,5099;
163;1566;672;1;1;114;3,4978;
163;2047;9559;1;1;160;2,38335;
163;1938;1938;2;1;200;4,1142;
163;973;9941;3;1;9;2,0873;
163;1782;3563;0;3;147;3,8086;
163;1083;8005;0;3;180;2,53365;
163;1683;7168;1;3;140;2,70165;
163;1637;9784;0;4;162;2,03145;
163;1267;3756;1;4;70;3,7499;
163;1833;2066;3;4;142;3,8415;
164;1412;3316;2;0;35;3,79305;
164;1141;8294;2;0;12;2,5944;
164;1632;6212;0;1;17;3,614125;
164;1793;9658;0;2;72;2,09535;
164;1087;7218;0;3;54;2,8028;
164;1696;6043;1;3;27;3,0428;
164;1065;3654;3;3;80;3,1342;
164;1771;4342;3;3;54;2,7804;
164;1423;4346;0;4;42;3,5979;
164;1437;7496;0;4;74;2,7291;
166;1454;9497;1;0;77;2,42155;
166;2053;3650;2;0;70;3,71655;
166;1055;2919;0;1;66;3,741175;
166;1267;9850;0;1;39;3,5319;
166;1273;9130;3;1;40;2,2795;
166;2063;1397;0;2;55;4,4735;
166;1086;6438;0;2;80;3,0006;
166;946;7732;1;3;44;2,5683;
166;1396;1550;3;3;115;4,1287;
166;1876;3953;0;4;46;3,7114;
167;1747;9004;1;0;11;2,54095;
167;1585;1163;3;0;66;4,25415;
167;1008;4758;0;3;76;3,45185;
167;1654;9818;0;3;51;2,0568;
167;1809;4689;1;3;79;3,4374;
167;1374;2518;2;3;46;3,657;
167;1428;6102;3;3;12;1,9815;
167;1527;7182;1;4;18;2,73605;
167;1188;5552;2;4;151;2,1853;
167;1884;6938;2;4;43;1,6174;
168;1114;4169;2;0;70;3,575;
168;1721;3657;1;1;25;3,36255;
168;1958;5223;3;1;79;3,2194;
168;942;8225;0;2;62;2,50515;
168;1154;1832;1;2;45;4,3361;
168;1762;2525;1;2;39;4,11515;
168;1185;712;3;3;49;4,5692;
168;1595;2632;0;4;57;4,10085;
168;937;8894;1;4;32;0,691;
168;1799;8116;3;4;65;1,0475;
169;1904;4298;0;0;45;4,210175;
169;1029;3344;1;0;38;4,233125;
169;1255;9615;3;0;78;2,1703;
169;1570;6876;0;2;57;2,8951;
169;1725;8645;1;3;22;0,784;
169;2060;9285;3;3;80;0,5091;
169;1526;6842;1;4;27;2,8294;
169;1179;8166;1;4;37;1,0379;
169;1247;4373;2;4;10;2,7994;
169;1760;9130;2;4;15;0,6082;
170;1312;4160;0;0;50;4,231975;
170;1691;5650;1;0;63;3,846425;
170;1179;3271;2;0;46;3,80325;
170;1526;693;3;1;58;4,3752;
170;1118;3431;0;2;24;3,869;
170;1202;7895;0;2;61;2,6028;
170;1203;4973;2;2;63;2,4613;
170;1120;7186;3;3;78;1,4873;
170;975;8739;3;3;23;0,7463;
170;975;8199;2;4;18;1,0293;
171;936;6944;0;0;20;3,8266;
171;1168;5753;1;0;80;3,814325;
171;2088;8237;1;0;53;2,7206;
171;1486;3339;0;1;63;3,716225;
171;1248;1390;1;1;79;3,45835;
171;1349;4333;0;2;50;3,60235;
171;1844;2550;3;3;15;3,6513;
171;1810;1511;0;4;39;4,4435;
171;1695;4541;2;4;39;2,693;
171;1934;9601;2;4;41;0,402;
172;1745;391;0;0;171;4,803625;
172;1328;5559;1;0;243;3,82125;
172;1688;6280;0;1;180;3,603675;
172;1978;2955;2;1;219;3,8462;
172;1658;7668;2;2;191;1,2112;
172;961;1219;3;3;230;4,2251;
172;2053;9365;0;4;240;2,1427;
172;1926;4950;1;4;236;3,3166;
172;1134;6496;1;4;174;2,88515;
172;1078;9721;3;4;179;0,2656;
173;1253;6544;3;0;66;2,90805;
173;2069;591;2;1;32;4,5089;
173;1745;1509;0;2;20;4,44975;
173;1136;2282;0;2;31;4,2043;
173;1070;9062;0;2;22;2,2854;
173;1468;323;1;2;23;4,8051;
173;1027;5788;2;2;69;2,081;
173;1220;945;1;4;36;4,6269;
173;1926;2130;3;4;32;3,8522;
173;943;8168;3;4;22;1,0436;
174;1778;8926;0;0;34;3,51285;
174;1894;2183;0;1;27;3,749775;
174;1039;6181;1;1;62;3,23065;
174;1556;183;2;1;37;4,61745;
174;1242;2891;2;1;65;3,91935;
174;1342;3203;1;3;77;3,8975;
174;1176;976;2;3;24;4,4584;
174;1960;9867;2;3;205;0,1888;
174;987;490;0;4;18;4,75535;
174;2066;9396;0;4;66;2,1899;
175;1792;7456;0;0;149;3,7266;
175;1884;566;0;1;47;3,806375;
175;1093;7562;0;1;9;3,584625;
175;1463;4806;0;2;6;3,46115;
175;1501;9106;1;2;226;0,5231;
175;2031;4083;0;3;106;3,65985;
175;1519;1962;1;3;111;4,26795;
175;1440;2694;1;3;18;4,08475;
175;1227;1381;0;4;159;4,44655;
175;1361;9231;1;4;22;0,5524;
176;1938;1229;3;0;50;4,2341;
176;1060;5958;0;1;64;3,625275;
176;1529;5134;2;1;67;3,3377;
176;972;288;2;2;12;4,7822;
176;1931;4795;2;2;59;2,5529;
176;1108;5328;2;2;59;2,3205;
176;1781;9128;3;2;29;0,6029;
176;1846;5450;1;3;55;3,2307;
176;1952;8630;1;3;26;0,7873;
176;1605;7546;0;4;59;2,70655;
177;1346;2436;3;0;74;3,8908;
177;1620;1516;1;1;66;3,4428;
177;1341;3910;1;1;14;3,3364;
177;1791;5604;1;1;13;3,28705;
177;1880;2646;2;1;40;3,9769;
177;2025;6367;3;1;80;2,94415;
177;1349;9182;0;2;19;2,24885;
177;1012;5159;1;2;29;3,3123;
177;1151;6247;1;2;31;2,9816;
177;1588;117;0;4;64;4,8474;
177;1223;2471;2;4;12;3,6973;
178;1220;1997;1;0;121;4,446825;
178;1942;3344;3;0;138;3,65415;
178;1572;6345;3;0;110;2,935;
178;1171;3839;2;1;116;3,6482;
178;2098;5593;3;1;131;3,1202;
178;1936;7720;3;1;136;2,60885;
178;1611;8406;1;2;155;0,8741;
178;1661;8474;1;3;131;0,8285;
178;1548;9838;2;3;113;0,2314;
178;1043;760;3;3;136;4,5188;
178;1949;2719;3;3;151;3,5432;
178;1972;5337;2;4;87;2,3083;
178;1854;1158;3;4;84;4,3569;
178;1342;7321;3;4;104;1,4172;
179;950;6914;0;0;150;3,816725;
179;1444;5442;2;1;129;3,2662;
179;1750;1615;2;2;160;4,0693;
179;988;2805;2;2;140;3,5102;
179;1870;7820;2;2;107;1,1778;
179;942;230;0;3;159;4,7898;
179;1673;458;1;3;150;4,72845;
179;1065;1581;0;4;113;4,39745;
179;1824;9702;1;4;113;0,2962;
179;1294;908;3;4;83;4,4656;
180;2026;9224;0;0;125;3,456;
180;1389;4645;1;1;143;3,307475;
180;1556;2993;0;2;136;3,9662;
180;1259;4900;2;2;123;2,4674;
180;1498;5640;3;2;107;2,152;
180;1818;3591;3;3;87;3,1575;
180;1711;1339;0;4;83;4,4932;
180;1514;3934;1;4;124;3,6582;
180;1618;1229;2;4;124;4,2918;
180;1264;357;3;4;86;4,7181;
181;1089;633;1;0;33;4,6974;
181;1898;3252;2;0;41;3,8104;
181;1583;1023;1;1;28;3,4875;
181;1351;7784;1;1;70;2,8465;
181;1861;1960;2;1;27;4,16565;
181;1566;4457;2;1;58;3,50305;
181;1779;1535;3;1;34;4,15735;
181;2013;5133;2;2;16;2,4235;
181;1645;4165;0;3;132;3,6324;
181;1121;4353;3;4;84;2,7618;
182;1906;1423;0;0;88;4,65455;
182;1387;6164;0;0;123;3,909275;
182;1245;3422;1;0;139;4,2089;
182;1504;7094;1;1;98;3,198125;
182;2032;7468;3;1;80;2,69315;
182;1996;2544;1;2;84;4,096;
182;1843;5823;3;2;119;2,0344;
182;1165;796;3;3;86;4,5234;
182;1272;3029;1;4;110;3,9476;
182;1183;5781;1;4;158;3,06685;
182;1470;330;2;4;127;4,7024;
183;1274;3729;1;0;114;4,166425;
183;2013;5020;1;0;96;3,939;
183;1058;8350;1;0;151;2,66835;
183;1871;184;2;0;107;4,58305;
183;1408;8265;3;0;81;2,4903;
183;2036;2131;2;1;91;4,09515;
183;1047;3562;2;1;103;3,74135;
183;1918;8969;3;1;123;2,30135;
183;1332;480;0;3;105;4,723;
183;1715;6217;3;3;154;1,8686;
183;1322;7892;3;3;101;1,1478;
183;1629;7753;0;4;157;2,61965;
184;1087;8775;2;0;15;2,46355;
184;1191;3031;3;0;63;3,75435;
184;1508;5450;2;1;66;3,2732;
184;1625;7892;3;1;70;2,58005;
184;1849;126;1;2;41;4,85545;
184;1988;9771;1;2;144;0,2489;
184;1644;3631;2;2;56;3,1524;
184;1201;2430;3;2;58;3,6958;
184;1172;3898;1;3;46;3,69655;
184;1654;4271;0;4;72;3,6137;
184;1468;7597;0;4;61;2,68935;
185;1469;4233;2;0;126;3,5439;
185;1370;404;0;1;120;3,809925;
185;1118;349;2;1;78;4,56305;
185;1803;4365;2;1;98;3,52155;
185;2033;8436;2;2;4;0,9371;
185;1115;6492;3;2;140;1,7659;
185;1429;100;3;3;178;4,7918;
185;1119;9543;3;3;58;0,4222;
185;1651;9222;0;4;36;2,2287;
185;1934;6800;3;4;178;1,6178;
186;1283;4078;2;0;142;3,58055;
186;1918;7264;2;1;84;2,8448;
186;2002;9980;3;1;131;2,06045;
186;982;5112;0;2;136;3,3394;
186;982;6873;0;2;142;2,87905;
186;1297;2579;2;2;90;3,617;
186;1380;1709;0;3;152;4,34965;
186;1863;625;2;3;134;4,5739;
186;1091;4685;1;4;124;3,4261;
186;1696;2763;2;4;134;3,5259;
186;1919;7890;2;4;121;1,1343;
187;1410;9276;0;0;250;3,438225;
187;1651;9541;3;0;135;2,17855;
187;1845;1224;0;1;45;3,793675;
187;1797;6126;0;1;201;3,60645;
187;1462;905;3;1;239;4,2796;
187;1499;8174;2;2;18;1,0422;
187;1844;6781;0;3;212;2,88375;
187;991;9563;0;3;159;2,09875;
187;1937;8993;2;3;197;0,5857;
187;1695;2868;1;4;33;4,03805;
187;1869;2698;3;4;156;3,5522;
188;1795;7934;3;0;45;2,5828;
188;976;2222;2;1;38;4,0794;
188;2068;7915;1;2;40;1,1661;
188;1700;7092;0;3;59;2,84095;
188;951;5704;2;3;53;2,1448;
188;1785;9445;2;3;28;0,4838;
188;1381;5237;3;3;58;2,3578;
188;1489;4622;1;4;64;3,46615;
188;1762;814;2;4;25;4,5447;
188;1918;8149;2;4;55;1,0372;
188;1058;2838;3;4;75;3,518;
189;1505;2965;0;0;70;4,410375;
189;1138;3376;2;0;54;3,7802;
189;1229;7948;2;0;33;2,68135;
189;1727;2995;0;2;58;3,99575;
189;1404;4616;3;2;27;2,665;
189;1461;8632;0;3;10;2,38195;
189;1853;6828;1;3;43;2,8269;
189;1170;5940;2;3;57;2,024;
189;1408;1330;3;3;67;4,2636;
189;1979;7451;2;4;55;1,3909;
190;1221;1748;0;0;20;4,613675;
190;1785;4992;0;0;29;4,094475;
190;1810;7773;1;0;24;2,8532;
190;2083;958;3;0;67;4,3009;
190;1990;2614;3;0;66;3,8541;
190;1193;5507;0;2;67;3,27135;
190;2084;4698;2;2;61;2,6086;
190;1729;6096;3;2;43;1,9578;
190;2029;940;0;3;37;4,6277;
190;1990;9411;0;3;57;2,18525;
191;1699;2944;0;0;20;4,42525;
191;1826;4811;3;0;68;3,3;
191;1262;3751;3;1;14;3,6223;
191;1685;652;2;2;66;4,5858;
191;1530;710;3;2;72;4,566;
191;1536;2723;3;2;42;3,5868;
191;1288;2398;2;3;40;3,7238;
191;1847;4541;3;3;35;2,6941;
191;1321;1147;1;4;29;4,5636;
191;1123;5975;3;4;17;2,0251;
192;1200;8233;1;0;133;2,6933;
192;1594;7693;0;1;5;3,5768;
192;1434;3183;1;1;110;3,3852;
192;1104;2362;3;1;107;3,9245;
192;1378;5171;0;2;177;3,31545;
192;2090;3351;3;2;11;3,2722;
192;1840;888;2;3;166;4,4315;
192;1703;9431;3;3;155;0,4322;
192;1951;2807;2;4;239;3,4447;
192;1424;4130;3;4;96;2,8752;
193;1791;6979;1;0;85;3,631025;
193;1755;9835;1;0;104;2,31575;
193;1456;8170;0;1;96;3,56025;
193;1378;3175;1;1;138;3,3825;
193;1549;5074;2;1;99;3,34585;
193;991;8970;3;1;107;2,3049;
193;2011;6261;2;2;124;1,8654;
193;1497;7602;2;2;117;1,2733;
193;2066;6875;3;2;122;1,6141;
193;1537;3506;0;3;137;3,82945;
194;2081;5060;0;0;110;4,0717;
194;1450;5826;3;1;108;3,05375;
194;1662;1301;0;2;150;4,4746;
194;1699;6257;1;2;129;2,9578;
194;1754;1713;3;2;126;4,0441;
194;1343;8216;0;3;155;2,47595;
194;1574;890;1;3;90;4,6292;
194;1547;5347;1;3;109;3,248;
194;1341;5929;2;3;154;1,9912;
194;1586;3258;3;3;124;3,2608;
195;1045;2201;0;0;11;4,539075;
195;1881;270;2;1;184;4,5541;
195;1991;353;0;2;76;4,77765;
195;1102;2577;1;2;66;4,09335;
195;1268;9777;1;2;80;0,2832;
195;1988;3174;2;2;36;3,3527;
195;1377;6902;2;2;204;1,5679;
195;1008;2705;2;3;135;3,56;
195;1413;2330;3;3;211;3,6667;
195;1978;1994;0;4;28;4,29845;
196;1267;5220;0;0;74;4,054175;
196;1642;1625;2;0;58;4,23725;
196;2061;3404;2;0;75;3,76785;
196;1855;4909;2;0;12;3,3935;
196;1830;1565;1;2;144;4,39075;
196;1988;2459;3;2;77;3,6731;
196;1801;7967;2;3;47;1,1307;
196;1912;9164;2;3;65;0,5646;
196;1841;4083;3;3;50;2,9106;
196;1802;9541;2;4;17;0,4487;
197;1627;7060;1;0;63;3,615825;
197;1815;4235;2;1;12;3,5835;
197;1722;3761;3;1;56;3,6052;
197;1123;2225;0;2;54;4,21;
197;1562;7339;0;2;49;2,771;
197;1214;5021;0;3;79;3,37945;
197;1588;9907;0;3;18;2,0384;
197;1296;48;2;3;54;4,8659;
197;1283;1597;3;3;18;4,1479;
197;950;4363;0;4;59;3,5841;
198;1924;4969;1;0;43;3,954225;
198;1330;1813;1;1;32;3,437275;
198;1170;1836;2;1;34;4,1956;
198;2076;8058;3;1;76;2,53405;
198;1155;7526;0;3;61;2,7173;
198;1966;3209;2;3;25;3,3466;
198;1120;6206;3;3;48;1,9051;
198;934;282;2;4;56;4,7643;
198;1838;8954;2;4;73;0,6689;
198;2010;9468;3;4;58;0,4698;
199;1542;7059;0;0;161;3,785275;
199;948;6230;3;1;13;2,98255;
199;1471;9039;0;2;200;2,236;
200;1610;8577;1;0;26;2,6267;
200;1118;94;1;1;47;3,523825;
200;1018;5747;3;1;31;3,09895;
200;2090;6623;2;2;60;1,7405;
200;1297;2415;3;2;80;3,6908;
200;1371;466;1;3;51;4,7569;
200;1013;4596;3;3;43;2,6686;
200;1518;7835;3;3;68;1,1917;
200;1243;3829;3;4;40;3,0596;
200;1191;7334;3;4;62;1,4277;
201;2065;3279;0;0;32;4,3646;
201;1818;3827;3;0;59;3,56405;
201;996;3012;0;1;92;3,736325;
201;1900;1369;0;2;250;4,42165;
201;1546;4967;0;2;188;3,3619;
201;1892;5021;0;2;142;3,3608;
201;970;852;2;2;216;4,4161;
201;1099;738;0;3;56;4,6815;
201;1253;3870;1;4;219;3,64475;
201;1891;2888;2;4;25;3,5162;
202;1619;9923;3;0;142;2,078;
202;1089;5649;0;1;236;3,63185;
202;1968;1422;1;1;48;3,454075;
202;1995;3026;2;1;167;3,83775;
202;1285;3461;2;1;117;3,75315;
202;1810;5545;2;1;182;3,21245;
202;1191;8189;3;1;129;2,4901;
202;1232;7028;2;3;48;1,5801;
202;1434;6418;2;4;20;1,8458;
202;1350;606;3;4;128;4,5822;
203;1325;3900;1;0;36;4,141225;
203;960;3969;0;1;40;3,686175;
203;1260;9583;0;1;80;3,5356;
203;1465;5174;1;2;64;3,2949;
203;1962;5344;3;2;11;2,3259;
203;1397;4126;0;3;15;3,6731;
203;1511;5313;0;3;39;3,3113;
203;1985;9025;2;3;25;0,6545;
203;1479;8467;0;4;75;2,4337;
203;2019;3635;3;4;71;3,1449;
204;961;4760;1;0;6;3,998025;
204;1111;7854;2;0;209;2,65455;
204;1461;4395;0;1;85;3,678575;
204;1123;404;0;2;165;4,73185;
204;1416;988;1;2;134;4,5765;
204;1593;3852;1;2;111;3,68185;
204;1414;5782;1;2;133;3,0785;
204;1979;3256;0;3;73;3,8996;
204;1938;1032;0;4;113;4,58115;
204;1406;1515;3;4;133;4,1376;
205;2076;1154;0;1;107;3,795525;
205;1774;2948;3;1;9;3,81265;
205;1007;5003;3;1;6;3,2841;
205;942;403;2;2;119;4,6792;
205;2068;1315;3;2;245;4,1612;
205;1653;1994;0;3;67;4,2769;
205;1381;3782;2;3;149;3,0192;
205;1157;6290;1;4;103;2,95675;
206;1076;1267;0;0;28;4,699525;
206;1173;8591;1;0;48;2,6093;
206;1335;6078;2;0;45;3,1067;
206;1170;9324;3;0;13;2,2509;
206;1035;738;0;3;67;4,6755;
206;1318;7911;3;3;62;1,1561;
206;1319;2154;0;4;39;4,23985;
206;1552;1904;1;4;78;4,306;
206;1672;3862;1;4;27;3,7222;
206;1325;5816;2;4;38;2,0853;
207;1420;5583;1;0;130;3,8433;
207;1647;5077;2;0;144;3,3193;
207;1029;8395;2;0;167;2,53225;
207;1294;1881;3;0;90;4,046;
207;1245;5993;1;1;126;3,24995;
207;1625;1902;0;2;145;4,28615;
207;951;7837;2;2;85;1,181;
207;1280;2286;3;2;98;3,752;
207;1074;4216;1;3;107;3,58065;
207;1589;9692;3;4;107;0,3073;
208;978;6563;0;0;56;3,873;
208;1808;2943;2;0;126;3,8716;
208;1041;7895;2;0;125;2,6667;
208;1510;9812;2;0;51;2,22515;
208;2029;9875;0;1;165;3,52595;
208;1587;6438;3;2;31;1,8347;
208;1196;9423;3;2;209;0,4113;
208;1087;4893;1;3;66;3,3718;
208;1847;8429;1;3;195;0,8116;
208;1575;5651;1;4;21;3,1865;
208;1588;2116;2;4;44;3,854;
209;1894;766;1;0;26;4,6831;
209;1283;1813;1;0;31;4,500275;
209;1579;2950;1;0;78;4,3055;
209;1213;5131;1;0;22;3,933125;
209;1727;9325;2;0;55;2,3414;
209;1038;6478;1;1;79;3,221425;
209;1653;5422;1;2;71;3,23485;
209;2000;9555;1;2;56;0,4146;
209;2052;4826;3;2;28;2,5497;
209;1222;6040;3;2;49;1,9887;
209;1954;822;0;4;63;4,6545;
210;1978;2810;1;0;72;4,335125;
210;1285;319;3;0;35;4,46375;
210;1854;7816;3;0;55;2,6085;
210;1797;938;1;1;71;3,488525;
210;1677;3367;1;1;75;3,37515;
210;1595;196;2;1;75;4,60315;
210;940;9618;2;1;60;2,28675;
210;1118;4949;1;3;63;3,35875;
210;1405;7230;3;4;55;1,4763;
210;1925;9581;3;4;123;0,3573;
211;1043;6081;0;0;38;3,93785;
211;1730;4909;1;0;29;3,9661;
211;1355;5809;1;0;80;3,802825;
211;1433;2026;3;0;30;4,01545;
211;1615;3649;1;1;15;3,36785;
211;1650;9867;0;2;34;2,0498;
211;1293;4371;0;3;21;3,59085;
211;960;4646;1;3;58;3,4554;
211;1847;5072;1;3;30;3,33805;
211;1643;2134;1;4;16;4,24175;
212;1337;3280;0;0;66;4,355475;
212;1398;6106;1;0;65;3,75445;
212;1347;6386;1;0;30;3,72055;
212;1906;8381;1;0;26;2,68845;
212;1716;5754;1;1;36;3,26915;
212;1719;1329;3;2;52;4,2765;
212;1318;2329;0;3;42;4,18465;
212;1492;3604;2;3;67;3,1628;
212;1650;165;2;4;48;4,8251;
212;1947;5620;3;4;73;2,1907;
213;1225;3124;1;0;201;4,242225;
213;1742;2043;0;2;53;4,2666;
213;1194;9463;0;3;137;2,1486;
213;1851;3923;1;3;204;3,6331;
213;1730;6911;1;4;18;2,81135;
213;1689;5384;3;4;81;2,298;
214;1901;2676;0;0;57;4,464975;
214;1598;3575;3;0;26;3,63055;
214;1795;4577;0;1;29;3,6696;
214;1689;6166;1;1;74;3,23595;
214;1606;9593;1;1;39;2,4165;
214;1464;504;2;1;18;4,5382;
214;1429;2293;3;1;64;3,95685;
214;1880;3681;1;3;38;3,7852;
214;1510;36;2;3;26;4,8684;
214;1700;7793;2;4;22;1,2432;
215;1730;4909;3;0;61;3,2725;
215;1841;4158;2;1;108;3,579;
215;1801;1606;0;2;47;4,4127;
215;1431;1231;1;2;212;4,4748;
215;1683;6612;1;2;40;2,8889;
215;1216;3910;2;3;146;2,9507;
215;1658;3190;3;3;129;3,2951;
215;1751;7029;3;4;58;1,5765;
216;1181;3197;1;0;52;4,26075;
216;1175;9646;0;1;188;3,534325;
216;1320;3627;1;1;51;3,365175;
216;1791;9018;2;2;38;0,6502;
216;1785;4391;3;2;78;2,7389;
216;1286;4388;0;3;64;3,5764;
216;1095;9014;0;3;30;2,29955;
216;1357;4136;1;3;29;3,6199;
216;1345;6940;2;3;44;1,6163;
216;1819;1329;3;3;78;4,2575;
216;1506;3922;3;3;14;3,0106;
216;1373;4497;3;3;30;2,7109;
217;1769;1396;0;0;72;4,6632;
217;1481;3118;1;0;34;4,277175;
217;1687;8773;1;0;16;2,57465;
217;1690;370;2;0;56;4,5489;
217;1454;3096;2;1;65;3,85235;
217;1392;6345;3;1;69;2,95265;
217;1386;5557;0;2;34;3,2581;
217;1813;9529;0;2;10;2,16865;
217;1899;9920;1;2;71;0,2186;
217;1647;4957;2;4;61;2,4699;
218;1452;8207;1;0;56;2,72785;
218;1050;3079;2;1;17;3,87555;
218;1221;5759;2;1;37;3,1883;
218;967;5831;1;2;35;3,0975;
218;1530;3218;2;2;56;3,323;
218;2050;9240;1;3;64;0,5318;
218;1155;591;0;4;50;4,71135;
218;1771;8505;1;4;72;0,8536;
218;1689;1714;2;4;11;4,0939;
218;1228;1861;2;4;37;4,0115;
218;1621;2812;3;4;53;3,5457;
219;1352;8432;1;0;57;2,67355;
219;1693;4615;0;1;53;3,665025;
219;1190;3775;1;1;42;3,360075;
219;1961;1123;0;2;29;4,5772;
219;1663;4091;0;2;64;3,6661;
219;1184;4719;0;2;40;3,4799;
219;979;3324;1;2;53;3,86495;
219;1867;6655;1;2;59;2,87185;
219;1682;2034;2;2;57;3,894;
219;1719;7518;1;3;64;2,62805;
220;1091;5233;0;1;103;3,65175;
220;1815;5358;1;1;152;3,293225;
220;1616;7499;1;1;132;3,54405;
220;1766;7912;3;1;147;2,55505;
220;1842;149;1;2;122;4,828;
220;1798;9052;1;3;160;0,5768;
220;1581;7804;2;3;142;1,1701;
220;980;7900;3;3;133;1,1254;
220;1010;3365;1;4;105;3,84795;
220;1743;6941;3;4;136;1,5783;
221;1955;6655;2;0;242;2,93855;
221;2046;3480;0;1;179;3,6963;
221;1060;4928;0;1;206;3,656975;
221;1783;3127;3;1;250;3,6919;
221;970;7081;0;2;187;2,8042;
221;1727;3563;2;2;215;3,1223;
221;1307;8686;0;3;232;2,32165;
221;1099;8270;1;3;165;0,9382;
221;1967;5962;2;3;181;1,9538;
221;1238;1650;3;3;193;4,038;
221;1955;633;3;4;166;4,5583;
222;958;3746;1;0;54;4,1821;
222;1857;5800;1;0;112;3,793975;
222;1508;5566;1;1;71;3,2839;
222;1615;5943;1;1;202;3,246525;
222;1191;3109;3;2;34;3,3845;
222;1950;527;0;3;76;4,7207;
222;1890;727;2;3;142;4,5287;
222;941;3241;0;4;194;3,87595;
222;1892;7447;1;4;57;2,6524;
222;1738;3784;2;4;151;3,0149;
222;1433;70;3;4;157;4,8176;
223;1945;4875;0;0;58;4,109275;
223;1543;7273;1;0;25;3,5903;
223;1007;2001;2;0;33;4,1395;
223;1824;9878;0;2;28;2,04785;
223;1762;5126;3;2;69;2,3999;
223;1328;4087;1;4;45;3,63135;
223;1378;2453;2;4;46;3,6861;
223;932;4148;2;4;38;2,8859;
223;1574;2536;3;4;72;3,6338;
223;1956;8729;3;4;76;0,7348;
224;1339;433;3;0;60;4,4262;
224;2097;2501;3;0;24;3,889;
224;1993;8513;1;1;18;2,6755;
224;1560;5782;2;1;31;3,17895;
224;1224;1283;0;2;21;4,5292;
224;1445;9096;2;2;46;0,61;
224;1043;4592;3;2;50;2,6668;
224;1045;5089;3;2;16;2,441;
224;1233;7554;0;4;15;2,7327;
224;2034;616;3;4;25;4,617;
225;1550;2536;2;0;214;3,9576;
225;942;4629;2;0;168;3,42775;
225;1568;3685;0;1;186;3,694425;
225;1430;2278;1;2;247;4,12935;
225;1081;5476;1;2;203;3,18115;
225;1286;4352;2;3;241;2,6855;
225;1889;7855;3;3;217;1,1071;
225;937;8996;3;3;230;0,5671;
225;1176;5448;0;4;196;3,24125;
225;1040;3633;3;4;194;3,0802;
226;1445;9998;1;0;23;2,2962;
226;1927;3095;1;1;34;3,401475;
226;1976;5222;1;1;44;3,297575;
226;1249;9010;2;1;56;2,4264;
226;1054;4518;2;2;74;2,6862;
226;1941;8993;3;2;10;0,6764;
226;1532;7576;2;3;52;1,3148;
226;1349;168;0;4;76;4,83065;
226;1359;7244;2;4;62;1,4653;
226;1990;1713;3;4;42;4,0806;
226;1557;7147;3;4;80;1,5045;
227;1608;7748;1;0;202;2,8095;
227;1803;914;1;1;46;3,493225;
227;1399;6620;1;2;90;2,87505;
227;941;9424;1;2;87;0,4734;
227;1885;4656;0;3;31;3,4996;
227;1264;5661;0;3;132;3,18345;
227;1073;8230;0;3;112;2,49365;
227;1907;4231;0;4;240;3,56565;
227;990;3833;1;4;81;3,70895;
227;1165;7355;2;4;1;1,4452;
228;1949;6854;3;0;57;2,8351;
228;1663;9093;1;1;31;2,52195;
228;1995;1913;3;1;38;4,06585;
228;1800;6518;3;1;13;2,92995;
228;1578;635;1;3;46;4,70905;
228;1441;7077;3;3;24;1,5693;
228;1964;7981;1;4;10;1,1489;
228;2072;8302;1;4;55;0,9587;
228;1871;8954;1;4;68;0,6703;
228;1707;9802;2;4;27;0,2897;
229;1986;1254;2;0;126;4,3209;
229;2006;7973;2;1;141;2,6508;
229;1319;1721;2;2;140;4,0265;
229;1741;5250;3;2;157;2,3111;
229;1395;4201;1;3;149;3,56465;
229;1301;5052;1;3;153;3,30275;
229;1858;1528;2;3;149;4,1215;
229;1115;1869;3;3;151;3,9452;
229;1508;7705;2;4;114;1,2428;
229;1942;2419;3;4;82;3,6854;
230;1623;8052;1;1;30;2,78405;
230;953;4511;0;2;38;3,5373;
230;1541;3060;2;2;40;3,4125;
230;931;9066;2;2;30;0,6285;
230;1908;4899;3;2;30;2,5183;
230;1603;4712;0;3;56;3,47365;
230;1869;9128;0;3;49;2,2587;
230;1608;9765;0;3;55;2,06845;
230;1891;5560;1;3;74;3,1972;
230;1624;7205;3;4;69;1,4795;
231;1238;8927;1;0;61;2,5442;
231;1015;7635;1;1;38;3,539725;
231;1989;9731;0;2;78;2,07235;
231;1180;3495;2;2;66;3,1925;
231;1779;9651;2;2;48;0,3641;
231;1848;3526;3;2;13;3,2019;
231;1448;3234;2;3;19;3,3344;
231;1433;7963;0;4;23;2,59455;
231;1155;2546;1;4;74;4,09905;
231;1264;6597;1;4;77;2,88375;
232;1845;799;0;0;34;4,768125;
232;1378;9061;3;1;44;2,29515;
232;1796;2844;1;2;61;4,03605;
232;1742;9622;1;2;64;0,3759;
232;1682;2183;2;2;65;3,808;
232;1905;821;3;2;79;4,5167;
232;1192;146;0;3;65;4,84065;
232;1302;9720;1;3;18;0,3382;
232;1112;6851;3;3;30;1,6543;
232;1294;1344;2;4;42;4,2704;
233;1024;6512;1;0;242;3,668775;
233;1133;9539;3;0;215;2,15055;
233;2004;3672;1;1;193;3,3471;
233;1028;38;2;2;244;4,7907;
233;1983;2870;2;2;234;3,4104;
233;1226;812;3;2;233;4,4401;
233;1904;3374;3;2;174;3,2008;
233;1037;6663;3;2;187;1,6697;
233;1859;6732;2;4;230;1,6225;
233;1824;7591;3;4;243;1,2284;
234;2045;1946;0;0;36;4,578725;
234;1089;7129;0;0;70;3,790575;
234;2081;8791;3;0;40;2,3562;
234;1509;9258;2;1;36;2,36595;
234;1048;4186;3;1;53;3,4849;
234;1613;31;2;2;78;4,8655;
234;1399;6026;0;3;55;3,1128;
234;1233;3488;2;3;47;3,2026;
234;1440;8680;2;3;69;0,7492;
234;1010;4513;1;4;11;3,50795;
236;1966;3994;1;0;74;4,1159;
236;1638;7529;2;0;47;2,7873;
236;1244;8360;1;1;57;2,69875;
236;2019;8244;1;2;70;0,9926;
236;1430;9435;0;3;31;2,18775;
236;1477;4156;1;3;75;3,60705;
236;1559;9339;0;4;12;2,2049;
236;1745;5472;2;4;31;2,2813;
236;1717;6750;2;4;10;1,7;
236;1005;3932;3;4;35;2,9797;
237;1151;2830;2;0;180;3,8889;
237;1937;3954;3;0;231;3,4762;
237;1546;4393;2;1;103;3,507;
237;1177;6675;2;1;45;2,9866;
237;1569;9786;2;1;140;2,217;
237;1305;5176;2;3;13;2,4032;
237;1473;7574;2;3;31;1,3274;
237;1561;1152;0;4;1;4,5747;
237;1010;3473;1;4;180;3,80515;
237;1415;9638;2;4;105;0,3361;
238;933;4395;2;0;68;3,51125;
238;1949;3088;1;1;47;3,399025;
238;1030;8462;1;1;53;2,67965;
238;2069;652;3;1;62;4,3829;
238;1258;5441;3;1;38;3,18865;
238;950;3793;0;2;28;3,77815;
238;2028;982;1;2;21;4,6192;
238;1975;6794;1;2;79;2,826;
238;2065;7848;3;2;24;1,2021;
238;1965;8866;3;2;33;0,701;
238;1437;2310;3;3;62;3,7542;
239;1726;3772;3;0;19;3,59685;
239;1276;4165;0;1;58;3,6843;
239;1973;4250;0;1;21;3,682175;
239;1788;7430;3;1;16;2,70985;
239;1184;627;0;2;34;4,70705;
239;1946;982;0;2;42;4,61465;
239;2013;3225;0;2;26;3,9302;
239;1598;3608;2;3;56;3,1689;
239;1869;3841;0;4;53;3,751;
239;1391;6121;2;4;10;1,9614;
240;1394;1290;1;0;79;4,582025;
240;1458;3252;0;1;71;3,726425;
240;1420;7789;2;1;67;2,71525;
240;1119;9964;3;1;55;2,07205;
240;1887;4737;0;2;78;3,459;
240;1285;1300;2;2;191;4,1996;
240;1695;9386;1;3;62;0,4941;
240;977;8451;0;4;19;2,45925;
240;1176;156;3;4;54;4,8304;
240;1574;3205;3;4;13;3,3502;
